sha,file,implicated
6c1dd6af40276ab61cba02971f6c9f7ce4dbf0e2,src/java/main/org/apache/zookeeper/server/DataTree.java,1
b41f8af30145f488069176fd075cccc1b6006413,src/java/test/org/apache/zookeeper/test/ReconfigTest.java,1
180d53ac1acc07e1f1a9b52a0cf34a8d9b256e6a,src/java/main/org/apache/zookeeper/ClientCnxn.java,1
180d53ac1acc07e1f1a9b52a0cf34a8d9b256e6a,src/java/main/org/apache/zookeeper/server/quorum/QuorumCnxManager.java,1
180d53ac1acc07e1f1a9b52a0cf34a8d9b256e6a,src/java/test/org/apache/zookeeper/test/ZooKeeperTestClient.java,1
180d53ac1acc07e1f1a9b52a0cf34a8d9b256e6a,src/java/main/org/apache/zookeeper/server/quorum/Leader.java,1
180d53ac1acc07e1f1a9b52a0cf34a8d9b256e6a,src/java/main/org/apache/zookeeper/server/quorum/LeaderZooKeeperServer.java,1
180d53ac1acc07e1f1a9b52a0cf34a8d9b256e6a,src/java/main/org/apache/zookeeper/server/NIOServerCnxn.java,1
180d53ac1acc07e1f1a9b52a0cf34a8d9b256e6a,src/java/main/org/apache/zookeeper/server/quorum/AuthFastLeaderElection.java,1
180d53ac1acc07e1f1a9b52a0cf34a8d9b256e6a,src/java/main/org/apache/zookeeper/server/quorum/LeaderElection.java,1
46357de0dbaa0118771369740ef637106599fadc,src/java/main/org/apache/zookeeper/server/quorum/LearnerHandler.java,1
46357de0dbaa0118771369740ef637106599fadc,src/java/main/org/apache/zookeeper/server/ConnectionBean.java,1
46357de0dbaa0118771369740ef637106599fadc,src/java/main/org/apache/zookeeper/server/quorum/Leader.java,1
46357de0dbaa0118771369740ef637106599fadc,src/java/test/org/apache/zookeeper/test/ZkDatabaseCorruptionTest.java,1
46357de0dbaa0118771369740ef637106599fadc,src/java/main/org/apache/zookeeper/server/quorum/QuorumPeer.java,1
46357de0dbaa0118771369740ef637106599fadc,src/java/main/org/apache/zookeeper/server/ZKDatabase.java,1
46357de0dbaa0118771369740ef637106599fadc,src/java/main/org/apache/zookeeper/server/ZooKeeperServer.java,1
7ba4229e9b29c8f14d1d3a36405cb339dded6369,src/java/main/org/apache/zookeeper/ClientCnxn.java,1
6983e41a1561f5393420ec84bd0141bba4b202a2,src/java/main/org/apache/zookeeper/server/quorum/LearnerSnapshotThrottler.java,1
ba39e63c13f52856a52581096937633577500788,src/java/test/org/apache/zookeeper/test/MaxCnxnsTest.java,1
ba39e63c13f52856a52581096937633577500788,src/java/test/org/apache/zookeeper/test/ClientRetry.java,1
eb56323b0043bdedc62f975b422dadf98f8052e9,src/contrib/bookkeeper/src/java/org/apache/bookkeeper/util/LocalBookKeeper.java,1
c442572ffaf956b9778128f802b92f6c808960c1,src/java/test/org/apache/zookeeper/test/MultiTransactionTest.java,1
75ed08e1de1da20ca7b6f05dc7083ec54787fb86,src/java/main/org/apache/zookeeper/server/quorum/QuorumPeer.java,1
75ed08e1de1da20ca7b6f05dc7083ec54787fb86,src/java/main/org/apache/zookeeper/server/ZooKeeperServer.java,1
75ed08e1de1da20ca7b6f05dc7083ec54787fb86,src/java/main/org/apache/zookeeper/jmx/MBeanRegistry.java,1
75ed08e1de1da20ca7b6f05dc7083ec54787fb86,src/java/main/org/apache/zookeeper/server/ConnectionBean.java,1
dcd9c08a0292dd707ce868efe3f5ba49865c494e,src/java/test/org/apache/zookeeper/test/ReconfigTest.java,1
dcd9c08a0292dd707ce868efe3f5ba49865c494e,src/java/main/org/apache/zookeeper/server/quorum/RemotePeerBean.java,1
dcd9c08a0292dd707ce868efe3f5ba49865c494e,src/java/main/org/apache/zookeeper/server/quorum/LocalPeerBean.java,1
8a80998e48e9c35af69bac41c6b345153a606d28,src/java/main/org/apache/zookeeper/server/Request.java,1
8a80998e48e9c35af69bac41c6b345153a606d28,src/java/main/org/apache/zookeeper/server/PrepRequestProcessor.java,1
a5058346a34f3b2b995b6e6e7ca0490565fe28b2,src/java/test/org/apache/zookeeper/server/quorum/QuorumPeerMainTest.java,1
a5058346a34f3b2b995b6e6e7ca0490565fe28b2,src/java/main/org/apache/zookeeper/server/quorum/QuorumPeerMain.java,1
a5058346a34f3b2b995b6e6e7ca0490565fe28b2,src/java/test/org/apache/zookeeper/server/ZooKeeperServerMainTest.java,1
a5058346a34f3b2b995b6e6e7ca0490565fe28b2,src/java/main/org/apache/zookeeper/server/quorum/QuorumPeerConfig.java,1
62260d3c97ac4d39b1a47ef43e14195ba52b21e1,src/java/main/org/apache/zookeeper/server/quorum/QuorumPeer.java,1
62260d3c97ac4d39b1a47ef43e14195ba52b21e1,src/java/main/org/apache/zookeeper/server/quorum/QuorumCnxManager.java,1
62260d3c97ac4d39b1a47ef43e14195ba52b21e1,src/java/main/org/apache/zookeeper/server/quorum/AuthFastLeaderElection.java,1
62260d3c97ac4d39b1a47ef43e14195ba52b21e1,src/java/main/org/apache/zookeeper/server/quorum/Leader.java,1
8edc05d6cfe24985da8cfafc720fcab31724eb47,src/java/main/org/apache/zookeeper/server/NIOServerCnxn.java,1
64808bb1671b27bb80a9ba33182116734997f15f,src/java/test/org/apache/zookeeper/test/FLENewEpochTest.java,1
64808bb1671b27bb80a9ba33182116734997f15f,src/java/main/org/apache/zookeeper/server/quorum/QuorumCnxManager.java,1
64808bb1671b27bb80a9ba33182116734997f15f,src/java/main/org/apache/zookeeper/server/quorum/FastLeaderElection.java,1
95f80ea265edd0444a113c9de5ea2649c803beac,src/java/main/org/apache/zookeeper/server/quorum/QuorumCnxManager.java,1
43c570e7d7f388d7803ee1305353c30fa12bbb70,src/java/main/org/apache/zookeeper/server/quorum/Leader.java,1
686dcc7d02b0944c38df8ff611c8476fe1442dd2,src/java/main/org/apache/zookeeper/ClientCnxn.java,1
686dcc7d02b0944c38df8ff611c8476fe1442dd2,src/java/main/org/apache/zookeeper/server/PrepRequestProcessor.java,1
686dcc7d02b0944c38df8ff611c8476fe1442dd2,src/java/main/org/apache/zookeeper/server/ConnectionBean.java,1
686dcc7d02b0944c38df8ff611c8476fe1442dd2,src/java/test/org/apache/zookeeper/test/SessionTest.java,1
686dcc7d02b0944c38df8ff611c8476fe1442dd2,src/java/main/org/apache/zookeeper/server/quorum/LearnerHandler.java,1
686dcc7d02b0944c38df8ff611c8476fe1442dd2,src/java/test/org/apache/zookeeper/test/ClientTest.java,1
686dcc7d02b0944c38df8ff611c8476fe1442dd2,src/java/main/org/apache/zookeeper/server/SyncRequestProcessor.java,1
686dcc7d02b0944c38df8ff611c8476fe1442dd2,src/java/main/org/apache/zookeeper/server/quorum/Leader.java,1
686dcc7d02b0944c38df8ff611c8476fe1442dd2,src/java/test/org/apache/zookeeper/test/ClientBase.java,1
686dcc7d02b0944c38df8ff611c8476fe1442dd2,src/java/test/org/apache/zookeeper/test/DataTreeTest.java,1
686dcc7d02b0944c38df8ff611c8476fe1442dd2,src/java/main/org/apache/zookeeper/server/NIOServerCnxn.java,1
686dcc7d02b0944c38df8ff611c8476fe1442dd2,src/java/main/org/apache/zookeeper/ZooKeeper.java,1
686dcc7d02b0944c38df8ff611c8476fe1442dd2,src/java/test/org/apache/zookeeper/test/QuorumTest.java,1
686dcc7d02b0944c38df8ff611c8476fe1442dd2,src/java/main/org/apache/zookeeper/server/Request.java,1
686dcc7d02b0944c38df8ff611c8476fe1442dd2,src/java/test/org/apache/zookeeper/test/AsyncTest.java,1
686dcc7d02b0944c38df8ff611c8476fe1442dd2,src/java/main/org/apache/zookeeper/server/ZooKeeperServer.java,1
9da7eb7161de5407b1af6149de9293e5d6eb6719,src/contrib/hedwig/server/src/main/java/org/apache/hedwig/server/topics/ZkTopicManager.java,1
9da7eb7161de5407b1af6149de9293e5d6eb6719,src/contrib/hedwig/server/src/main/java/org/apache/hedwig/server/persistence/BookkeeperPersistenceManager.java,1
b950a9f78dd33f23b432a85b7df4116f2cb9ea7a,src/java/test/org/apache/zookeeper/test/ClientTest.java,1
de6d9710fc85dbacc7d8c5c12c5c3d965520d7a5,src/java/main/org/apache/zookeeper/server/persistence/FileTxnLog.java,1
ca625c64d90cb47bf44ca32e5c40918dbaecb196,src/java/main/org/apache/zookeeper/server/ZooKeeperServer.java,1
ca625c64d90cb47bf44ca32e5c40918dbaecb196,src/java/main/org/apache/zookeeper/server/Request.java,1
ca625c64d90cb47bf44ca32e5c40918dbaecb196,src/java/main/org/apache/zookeeper/ClientCnxn.java,1
ca625c64d90cb47bf44ca32e5c40918dbaecb196,src/java/main/org/apache/zookeeper/server/quorum/LearnerHandler.java,1
ca625c64d90cb47bf44ca32e5c40918dbaecb196,src/java/main/org/apache/zookeeper/server/quorum/CommitProcessor.java,1
3ded34c081d8404f92668d4be03d052b2922c38f,src/java/main/org/apache/zookeeper/Login.java,1
88b9cb285a86f4a5169d730190218c1ffba8c41d,src/java/test/org/apache/zookeeper/test/FLELostMessageTest.java,1
88b9cb285a86f4a5169d730190218c1ffba8c41d,src/java/test/org/apache/zookeeper/test/TruncateTest.java,1
88b9cb285a86f4a5169d730190218c1ffba8c41d,src/java/main/org/apache/zookeeper/server/SyncRequestProcessor.java,1
88b9cb285a86f4a5169d730190218c1ffba8c41d,src/java/main/org/apache/zookeeper/server/quorum/Follower.java,1
88b9cb285a86f4a5169d730190218c1ffba8c41d,src/java/test/org/apache/zookeeper/test/StandaloneTest.java,1
88b9cb285a86f4a5169d730190218c1ffba8c41d,src/java/test/org/apache/zookeeper/test/PurgeTxnTest.java,1
88b9cb285a86f4a5169d730190218c1ffba8c41d,src/java/test/org/apache/zookeeper/test/DataTreeTest.java,1
88b9cb285a86f4a5169d730190218c1ffba8c41d,src/java/main/org/apache/zookeeper/server/quorum/QuorumPeerConfig.java,1
88b9cb285a86f4a5169d730190218c1ffba8c41d,src/java/main/org/apache/zookeeper/server/quorum/QuorumPeer.java,1
b6e612a6a075ed1dc44addafc480c20ff972b54a,src/java/test/org/apache/zookeeper/test/CnxManagerTest.java,1
b6e612a6a075ed1dc44addafc480c20ff972b54a,src/java/main/org/apache/zookeeper/server/quorum/QuorumCnxManager.java,1
4169f71554e549f48da6e6532cc25974eea79c57,src/java/test/org/apache/zookeeper/test/AuthTest.java,1
4cf3f899ba17a1e4d5fefc980de9873105ba230a,src/java/main/org/apache/zookeeper/server/quorum/QuorumPeer.java,1
4cf3f899ba17a1e4d5fefc980de9873105ba230a,src/java/main/org/apache/zookeeper/common/HostNameUtils.java,1
4cf3f899ba17a1e4d5fefc980de9873105ba230a,src/java/test/org/apache/zookeeper/common/HostNameUtilsTest.java,1
1107b37921ee5350ca40a55c55f59d8b97ae40b7,src/java/test/org/apache/zookeeper/server/CRCTest.java,1
1107b37921ee5350ca40a55c55f59d8b97ae40b7,src/java/main/org/apache/zookeeper/server/persistence/FileSnap.java,1
a371a3d57ffa12f6a1ba1962c93331bb02faf459,src/java/test/org/apache/zookeeper/test/AuthTest.java,1
c3f7d60d4d2bc9e664349c2ba5dc68478522a411,src/java/main/org/apache/zookeeper/server/upgrade/UpgradeSnapShotV1.java,1
d7bdb47b131bd1c3aa5ac24038b4bb9d3143eb3c,src/java/main/org/apache/zookeeper/ZooKeeperMain.java,1
d7bdb47b131bd1c3aa5ac24038b4bb9d3143eb3c,src/java/main/org/apache/zookeeper/ClientCnxn.java,1
d7bdb47b131bd1c3aa5ac24038b4bb9d3143eb3c,src/java/test/org/apache/zookeeper/test/ClientBase.java,1
d7bdb47b131bd1c3aa5ac24038b4bb9d3143eb3c,src/java/test/org/apache/zookeeper/test/WatcherTest.java,1
d7bdb47b131bd1c3aa5ac24038b4bb9d3143eb3c,src/java/main/org/apache/zookeeper/ZooKeeper.java,1
d7bdb47b131bd1c3aa5ac24038b4bb9d3143eb3c,src/java/main/org/apache/zookeeper/server/ZooKeeperServer.java,1
d7bdb47b131bd1c3aa5ac24038b4bb9d3143eb3c,src/java/main/org/apache/zookeeper/server/FinalRequestProcessor.java,1
d7bdb47b131bd1c3aa5ac24038b4bb9d3143eb3c,src/java/main/org/apache/zookeeper/server/DataTree.java,1
dabc195b80891368285a4f9ca2b31fecada5c824,src/java/main/org/apache/zookeeper/server/persistence/FileTxnSnapLog.java,1
dabc195b80891368285a4f9ca2b31fecada5c824,src/java/main/org/apache/zookeeper/server/DataTree.java,1
dabc195b80891368285a4f9ca2b31fecada5c824,src/java/test/org/apache/zookeeper/test/DataTreeTest.java,1
dabc195b80891368285a4f9ca2b31fecada5c824,src/java/test/org/apache/zookeeper/test/LoadFromLogTest.java,1
2664a65de43396574d3895006653f15521dd8e96,src/recipes/lock/test/org/apache/zookeeper/recipes/lock/WriteLockTest.java,1
6302d7a7c2fc4f195a75ae2ac0f0c881ad3a4d4f,src/java/main/org/apache/zookeeper/server/NIOServerCnxnFactory.java,1
6302d7a7c2fc4f195a75ae2ac0f0c881ad3a4d4f,src/java/test/org/apache/zookeeper/test/ServerCnxnTest.java,1
6302d7a7c2fc4f195a75ae2ac0f0c881ad3a4d4f,src/java/main/org/apache/zookeeper/server/ExpiryQueue.java,1
6302d7a7c2fc4f195a75ae2ac0f0c881ad3a4d4f,src/java/main/org/apache/zookeeper/server/RateLogger.java,1
6302d7a7c2fc4f195a75ae2ac0f0c881ad3a4d4f,src/java/main/org/apache/zookeeper/server/NIOServerCnxn.java,1
ae6cfcce11904fe51352a9b5656fd693d3805697,src/java/main/org/apache/zookeeper/server/quorum/Follower.java,1
ae6cfcce11904fe51352a9b5656fd693d3805697,src/java/main/org/apache/zookeeper/server/quorum/QuorumPeer.java,1
ae6cfcce11904fe51352a9b5656fd693d3805697,src/java/test/org/apache/zookeeper/test/QuorumBase.java,1
ae6cfcce11904fe51352a9b5656fd693d3805697,src/java/test/org/apache/zookeeper/test/QuorumZxidSyncTest.java,1
a2b4f6b431dcbe3e62e13820bc2025d559ca3758,src/java/main/org/apache/zookeeper/client/StaticHostProvider.java,1
a6a1fadd50b523956050e40b0c9e91c7c0a8f34e,src/java/main/org/apache/zookeeper/server/quorum/QuorumPeerConfig.java,1
2e80c37ee77e4ca179101528eecffa4eb916c7dd,src/java/test/org/apache/zookeeper/test/CnxManagerTest.java,1
2e80c37ee77e4ca179101528eecffa4eb916c7dd,src/java/main/org/apache/zookeeper/server/quorum/QuorumCnxManager.java,1
9ed625071c1ed0b7c98bd06a76e7950f547b3c2c,src/java/main/org/apache/zookeeper/server/PrepRequestProcessor.java,1
b2e39d86dcb23b9706ac8696b09661dbb1c93c47,src/java/test/org/apache/zookeeper/test/ClientBase.java,1
8a4db2facb096177b876a514e9eb4fddef9377f4,src/java/main/org/apache/zookeeper/server/quorum/QuorumPeer.java,1
962bd02dcaccc266716b11e8413e4f750b855d14,src/java/main/org/apache/zookeeper/client/ZooKeeperSaslClient.java,1
04abf42f233b9aa36c1c55555624543bfee34519,src/java/main/org/apache/zookeeper/ClientCnxn.java,1
04abf42f233b9aa36c1c55555624543bfee34519,src/java/main/org/apache/zookeeper/ClientCnxnSocketNIO.java,1
ca1c79c93df167c81b9980d922864ac5bf28d1fa,src/java/test/org/apache/zookeeper/test/DataTreeTest.java,1
50576f15fb04060c62c774537eccaef6057c9d31,src/java/main/org/apache/zookeeper/ZooKeeper.java,1
50576f15fb04060c62c774537eccaef6057c9d31,src/java/main/org/apache/zookeeper/server/PrepRequestProcessor.java,1
bfdbe72f5adf5e4fd344a6d384d876b52ae6365e,src/java/main/org/apache/zookeeper/server/NIOServerCnxn.java,1
51bd2f841c22d2a7d8491bfd2fa8fc27ed30c2cf,src/java/main/org/apache/zookeeper/ZooKeeperMain.java,1
4c643cd3513c768bddce6d0d5dc0a9c58794cec6,src/java/main/org/apache/zookeeper/client/StaticHostProvider.java,1
37293a7a426d579908a5e8c26f1f5ea2cd374173,src/java/main/org/apache/zookeeper/server/NIOServerCnxn.java,1
7c34da6d8fda2a6fba397418988adc6bfac020a6,src/java/main/org/apache/zookeeper/ZooKeeper.java,1
03b7f5c12b1acb346d760106531f5625ab6692eb,src/java/test/org/apache/zookeeper/test/FourLetterWordsTest.java,1
22322638a9dccbf7980969f2c5e6a5feb16292a1,src/java/main/org/apache/zookeeper/server/quorum/QuorumPeer.java,1
22322638a9dccbf7980969f2c5e6a5feb16292a1,src/java/main/org/apache/zookeeper/server/quorum/FastLeaderElection.java,1
22322638a9dccbf7980969f2c5e6a5feb16292a1,src/java/main/org/apache/zookeeper/server/quorum/LearnerHandler.java,1
671898d2885d4647c8a3ba3f4a3d208793e9031b,src/java/test/org/apache/zookeeper/server/quorum/Zab1_0Test.java,1
6045378690a6efac46f4029f128732e8019ed989,src/java/main/org/apache/zookeeper/server/persistence/FileTxnSnapLog.java,1
6045378690a6efac46f4029f128732e8019ed989,src/java/main/org/apache/zookeeper/server/quorum/ProposalRequestProcessor.java,1
6045378690a6efac46f4029f128732e8019ed989,src/java/main/org/apache/zookeeper/server/PrepRequestProcessor.java,1
6045378690a6efac46f4029f128732e8019ed989,src/java/main/org/apache/zookeeper/server/FinalRequestProcessor.java,1
6045378690a6efac46f4029f128732e8019ed989,src/java/main/org/apache/zookeeper/server/quorum/Leader.java,1
1e9f672ec2be34dd50ca9bde891be8b7350e5788,src/java/main/org/apache/jute/compiler/JRecord.java,1
529ec166303f4851a230505961c5a14341810835,src/java/main/org/apache/zookeeper/WatchedEvent.java,1
097e3b9eb1a0c21e5ed2007db03e30266c4b2d48,src/java/main/org/apache/zookeeper/server/SnapshotFormatter.java,1
a24225739d502fe5405d3dd1d64bc6d91a8f13b4,src/java/main/org/apache/zookeeper/ClientCnxnSocketNIO.java,1
9742d8a1aec4de348ee9d90e93da4757151551c1,src/java/test/org/apache/zookeeper/test/ClientTest.java,1
9742d8a1aec4de348ee9d90e93da4757151551c1,src/java/main/org/apache/zookeeper/server/PrepRequestProcessor.java,1
9742d8a1aec4de348ee9d90e93da4757151551c1,src/java/main/org/apache/zookeeper/server/NIOServerCnxn.java,1
50e513d3c40c7149cc85d77ca5af4abda2c4a357,src/java/test/org/apache/zookeeper/test/QuorumTest.java,1
50e513d3c40c7149cc85d77ca5af4abda2c4a357,src/java/main/org/apache/zookeeper/server/quorum/Learner.java,1
50e513d3c40c7149cc85d77ca5af4abda2c4a357,src/java/test/org/apache/zookeeper/test/QuorumBase.java,1
50e513d3c40c7149cc85d77ca5af4abda2c4a357,src/java/main/org/apache/zookeeper/server/quorum/Leader.java,1
2bd507c4e146664a4f279fe9eafd00f9cdb5e8b6,src/java/test/org/apache/zookeeper/test/FLELostMessageTest.java,1
2bd507c4e146664a4f279fe9eafd00f9cdb5e8b6,src/java/test/org/apache/zookeeper/test/FLETestUtils.java,1
2bd507c4e146664a4f279fe9eafd00f9cdb5e8b6,src/java/main/org/apache/zookeeper/server/quorum/FastLeaderElection.java,1
2bd507c4e146664a4f279fe9eafd00f9cdb5e8b6,src/java/test/org/apache/zookeeper/test/FLEBackwardElectionRoundTest.java,1
29e6dad6eff7da39ef0b3073b8642d157149089c,src/java/main/org/apache/zookeeper/server/quorum/QuorumPeerConfig.java,1
e2f61dbb5b1735347b4dd6485eaa487200c209da,src/java/main/org/apache/zookeeper/ZooKeeper.java,1
e2f61dbb5b1735347b4dd6485eaa487200c209da,src/java/main/org/apache/zookeeper/server/PrepRequestProcessor.java,1
e2f61dbb5b1735347b4dd6485eaa487200c209da,src/java/main/org/apache/zookeeper/MultiTransactionRecord.java,1
fb83418a84b4ed48ca3895948989703fe1d2f614,src/java/main/org/apache/zookeeper/server/quorum/QuorumPeer.java,1
fb83418a84b4ed48ca3895948989703fe1d2f614,src/java/main/org/apache/zookeeper/common/AtomicFileOutputStream.java,1
def3be463453db1e663721953f12366c65106c7c,src/java/main/org/apache/zookeeper/server/quorum/FastLeaderElection.java,1
def3be463453db1e663721953f12366c65106c7c,src/java/test/org/apache/zookeeper/test/FLEZeroWeightTest.java,1
def3be463453db1e663721953f12366c65106c7c,src/java/test/org/apache/zookeeper/test/HierarchicalQuorumTest.java,1
f7450ea9ebc593fc85d74ccd6e99553b9a197fc2,src/java/main/org/apache/zookeeper/server/quorum/FastLeaderElection.java,1
870239243a5ce4efc6d5081f8a7648b7068a8ebc,src/java/main/org/apache/zookeeper/ZooKeeperMain.java,1
870239243a5ce4efc6d5081f8a7648b7068a8ebc,src/java/main/org/apache/zookeeper/server/ZooKeeperServerBean.java,1
870239243a5ce4efc6d5081f8a7648b7068a8ebc,src/java/main/org/apache/zookeeper/server/quorum/QuorumPeerMain.java,1
870239243a5ce4efc6d5081f8a7648b7068a8ebc,src/java/jmx/org/apache/zookeeper/server/quorum/ObservableQuorumPeer.java,1
870239243a5ce4efc6d5081f8a7648b7068a8ebc,src/java/main/org/apache/zookeeper/server/quorum/QuorumPeer.java,1
870239243a5ce4efc6d5081f8a7648b7068a8ebc,src/java/jmx/org/apache/zookeeper/server/quorum/ManagedQuorumPeerMain.java,1
870239243a5ce4efc6d5081f8a7648b7068a8ebc,src/java/main/org/apache/zookeeper/server/ZooKeeperServer.java,1
2469eff458adc3cc3456f9a9174b4e86dd3a633c,src/java/test/org/apache/zookeeper/test/LENonTerminateTest.java,1
87e1e03073fcd26f93350009359a98c757e33990,src/java/main/org/apache/zookeeper/server/quorum/LearnerHandler.java,1
87e1e03073fcd26f93350009359a98c757e33990,src/java/main/org/apache/zookeeper/server/quorum/FollowerZooKeeperServer.java,1
87e1e03073fcd26f93350009359a98c757e33990,src/java/main/org/apache/zookeeper/server/ZooKeeperServerMain.java,1
87e1e03073fcd26f93350009359a98c757e33990,src/java/main/org/apache/zookeeper/server/quorum/Leader.java,1
87e1e03073fcd26f93350009359a98c757e33990,src/java/main/org/apache/zookeeper/server/quorum/Follower.java,1
87e1e03073fcd26f93350009359a98c757e33990,src/java/main/org/apache/zookeeper/server/quorum/LeaderZooKeeperServer.java,1
87e1e03073fcd26f93350009359a98c757e33990,src/java/main/org/apache/zookeeper/server/NIOServerCnxn.java,1
87e1e03073fcd26f93350009359a98c757e33990,src/java/main/org/apache/zookeeper/server/quorum/QuorumPeer.java,1
87e1e03073fcd26f93350009359a98c757e33990,src/java/main/org/apache/zookeeper/server/ZooKeeperServer.java,1
87e1e03073fcd26f93350009359a98c757e33990,src/java/main/org/apache/zookeeper/jmx/MBeanRegistry.java,1
31828931754f2b3ef8b97a21c7180ba7d84613c7,src/java/main/org/apache/zookeeper/server/quorum/QuorumPeer.java,1
cc75f1f4577f3fd4485a5cb13dc3876db5107b65,src/java/test/org/apache/zookeeper/test/QuorumTest.java,1
cc75f1f4577f3fd4485a5cb13dc3876db5107b65,src/java/test/org/apache/zookeeper/test/QuorumUtil.java,1
e887f339bb255174515add81818d427908008595,src/java/test/org/apache/zookeeper/test/IntegrityCheck.java,1
e887f339bb255174515add81818d427908008595,src/java/main/org/apache/zookeeper/server/SessionTrackerImpl.java,1
e887f339bb255174515add81818d427908008595,src/java/main/org/apache/zookeeper/server/quorum/QuorumCnxManager.java,1
e887f339bb255174515add81818d427908008595,src/java/main/org/apache/zookeeper/server/quorum/Leader.java,1
e887f339bb255174515add81818d427908008595,src/java/test/org/apache/zookeeper/test/QuorumTest.java,1
e887f339bb255174515add81818d427908008595,src/java/main/org/apache/zookeeper/server/quorum/LeaderElection.java,1
e887f339bb255174515add81818d427908008595,src/java/test/org/apache/zookeeper/test/AsyncTest.java,1
6f961ffa04af1cb12d96b5adbde49965a946227f,src/java/test/org/apache/zookeeper/test/QuorumTest.java,1
6f961ffa04af1cb12d96b5adbde49965a946227f,src/java/main/org/apache/zookeeper/server/ServerCnxn.java,1
097b7979d3b7648fcc78d80567a0c44e16a97d4f,src/java/main/org/apache/zookeeper/server/PrepRequestProcessor.java,1
097b7979d3b7648fcc78d80567a0c44e16a97d4f,src/java/main/org/apache/zookeeper/ClientCnxn.java,1
097b7979d3b7648fcc78d80567a0c44e16a97d4f,src/java/main/org/apache/zookeeper/server/SessionTrackerImpl.java,1
097b7979d3b7648fcc78d80567a0c44e16a97d4f,src/java/main/org/apache/zookeeper/ZooKeeper.java,1
097b7979d3b7648fcc78d80567a0c44e16a97d4f,src/java/main/org/apache/zookeeper/KeeperException.java,1
097b7979d3b7648fcc78d80567a0c44e16a97d4f,src/java/main/org/apache/zookeeper/server/ZooKeeperServer.java,1
097b7979d3b7648fcc78d80567a0c44e16a97d4f,src/java/main/org/apache/zookeeper/server/FinalRequestProcessor.java,1
f58e18b85ffe4928ea17d57797056f811df1cb15,src/java/systest/org/apache/zookeeper/test/system/BaseSysTest.java,1
f58e18b85ffe4928ea17d57797056f811df1cb15,src/java/systest/org/apache/zookeeper/test/system/QuorumPeerInstance.java,1
f58e18b85ffe4928ea17d57797056f811df1cb15,src/java/systest/org/apache/zookeeper/test/system/GenerateLoad.java,1
f58e18b85ffe4928ea17d57797056f811df1cb15,src/java/main/org/apache/zookeeper/server/NIOServerCnxn.java,1
3487bc0dc112bceafc0101d4a922d7a7da229130,src/java/main/org/apache/zookeeper/server/quorum/FastLeaderElection.java,1
c288a3c8dbdd52fec9d69ca8d30a55da03cb215f,src/java/test/org/apache/zookeeper/server/quorum/QuorumPeerMainTest.java,1
8b0ddaafdc48f270c8ac7a1e59ed5d7a6aa7e341,src/java/main/org/apache/zookeeper/server/NIOServerCnxn.java,1
53d0a3843de1c4d93ae45781a1e4fb9da1a74668,src/java/main/org/apache/zookeeper/server/quorum/QuorumCnxManager.java,1
76d671cad706ec144626d8e579ce8d09f3cf109f,src/contrib/bookkeeper/src/java/org/apache/bookkeeper/client/LedgerRecoveryMonitor.java,1
76d671cad706ec144626d8e579ce8d09f3cf109f,src/contrib/bookkeeper/src/java/org/apache/bookkeeper/client/LedgerHandle.java,1
76d671cad706ec144626d8e579ce8d09f3cf109f,src/contrib/bookkeeper/src/java/org/apache/bookkeeper/bookie/Bookie.java,1
70fb28a69ca4446d6313a26bdef39c38dc6e10aa,src/java/test/org/apache/zookeeper/test/ReconfigTest.java,1
70fb28a69ca4446d6313a26bdef39c38dc6e10aa,src/java/main/org/apache/zookeeper/server/quorum/Leader.java,1
effdc5e2fe13f923c4087b12927b86b8cc8ef5fe,src/contrib/bookkeeper/src/java/org/apache/bookkeeper/client/LedgerHandle.java,1
184c61f6fcdadc3de8e311315c2b09aee797e173,src/java/test/org/apache/zookeeper/test/FLETestUtils.java,1
91e53de2e1ceab964fb29aef4120c23790fcfe6d,src/java/test/org/apache/zookeeper/test/QuorumTest.java,1
f2ca606890796217889fec4b8008bc82eb4dbe96,src/java/main/org/apache/zookeeper/server/quorum/Leader.java,1
814b420753144cbca89c5eff0733bda3bd14766a,src/java/main/org/apache/zookeeper/server/PrepRequestProcessor.java,1
814b420753144cbca89c5eff0733bda3bd14766a,src/java/main/org/apache/zookeeper/server/DataTree.java,1
814b420753144cbca89c5eff0733bda3bd14766a,src/java/main/org/apache/zookeeper/server/DataNode.java,1
f01fffd959997291b7c12043fe3227facf8a5d2e,src/java/test/org/apache/zookeeper/server/quorum/Zab1_0Test.java,1
b1645a2f85d7c9e60e13d66852955d95eaaf3bd9,src/java/test/org/apache/zookeeper/test/ClientPortBindTest.java,1
b1645a2f85d7c9e60e13d66852955d95eaaf3bd9,src/java/test/org/apache/zookeeper/test/FourLetterWordsTest.java,1
b1645a2f85d7c9e60e13d66852955d95eaaf3bd9,src/java/test/org/apache/zookeeper/test/ClientBase.java,1
2cdc5942a4a4168b8a62275bbf7f7d1cd8429628,src/java/main/org/apache/zookeeper/server/SyncRequestProcessor.java,1
4e726221aa9cf7a8c59c652c918005b82d9188c1,src/java/main/org/apache/zookeeper/server/ZooKeeperServer.java,1
4e726221aa9cf7a8c59c652c918005b82d9188c1,src/java/main/org/apache/zookeeper/server/NIOServerCnxn.java,1
ed098b2e120fc741bb168d42c18bfa82921acfe3,src/java/main/org/apache/zookeeper/server/PrepRequestProcessor.java,1
ed098b2e120fc741bb168d42c18bfa82921acfe3,src/java/main/org/apache/zookeeper/server/quorum/LearnerHandler.java,1
ed098b2e120fc741bb168d42c18bfa82921acfe3,src/java/main/org/apache/zookeeper/server/SessionTrackerImpl.java,1
ed098b2e120fc741bb168d42c18bfa82921acfe3,src/java/test/org/apache/zookeeper/test/SessionTest.java,1
ed098b2e120fc741bb168d42c18bfa82921acfe3,src/java/main/org/apache/zookeeper/server/quorum/LeaderZooKeeperServer.java,1
ed098b2e120fc741bb168d42c18bfa82921acfe3,src/java/main/org/apache/zookeeper/server/NIOServerCnxn.java,1
ed098b2e120fc741bb168d42c18bfa82921acfe3,src/java/test/org/apache/zookeeper/test/QuorumTest.java,1
ed098b2e120fc741bb168d42c18bfa82921acfe3,src/java/main/org/apache/zookeeper/KeeperException.java,1
ed098b2e120fc741bb168d42c18bfa82921acfe3,src/java/main/org/apache/zookeeper/server/Request.java,1
ed098b2e120fc741bb168d42c18bfa82921acfe3,src/java/main/org/apache/zookeeper/server/FinalRequestProcessor.java,1
478be6f25d69591efe9fbc1ec893ae20fefe8427,src/java/main/org/apache/zookeeper/Login.java,1
478be6f25d69591efe9fbc1ec893ae20fefe8427,src/java/main/org/apache/zookeeper/client/ZooKeeperSaslClient.java,1
478be6f25d69591efe9fbc1ec893ae20fefe8427,src/java/main/org/apache/zookeeper/ClientCnxn.java,1
478be6f25d69591efe9fbc1ec893ae20fefe8427,src/java/test/org/apache/zookeeper/test/SaslAuthFailTest.java,1
478be6f25d69591efe9fbc1ec893ae20fefe8427,src/java/main/org/apache/zookeeper/server/ZooKeeperSaslServer.java,1
478be6f25d69591efe9fbc1ec893ae20fefe8427,src/java/test/org/apache/zookeeper/test/SaslAuthTest.java,1
478be6f25d69591efe9fbc1ec893ae20fefe8427,src/java/main/org/apache/zookeeper/server/auth/KerberosName.java,1
478be6f25d69591efe9fbc1ec893ae20fefe8427,src/java/main/org/apache/zookeeper/Shell.java,1
478be6f25d69591efe9fbc1ec893ae20fefe8427,src/java/main/org/apache/zookeeper/server/ZooKeeperServer.java,1
728bf4480dbc71085c6fa1aa5528f4d12b11cde4,src/java/main/org/apache/zookeeper/server/quorum/QuorumPeerConfig.java,1
c8297c94e9c9497b5d3f3d9396853df39453d249,src/java/test/org/apache/zookeeper/test/ReconfigTest.java,1
c8297c94e9c9497b5d3f3d9396853df39453d249,src/java/test/org/apache/zookeeper/server/PrepRequestProcessorTest.java,1
58557b88073e0b6f6d7b4df2ab2238e4b7f7633c,src/java/main/org/apache/zookeeper/server/quorum/Learner.java,1
58557b88073e0b6f6d7b4df2ab2238e4b7f7633c,src/java/test/org/apache/zookeeper/server/quorum/Zab1_0Test.java,1
f827dcfe6852f045961a43c93bb09545842dac2e,src/java/test/org/apache/zookeeper/test/QuorumTest.java,1
f827dcfe6852f045961a43c93bb09545842dac2e,src/java/test/org/apache/zookeeper/test/TruncateTest.java,1
f827dcfe6852f045961a43c93bb09545842dac2e,src/java/main/org/apache/zookeeper/server/persistence/FileTxnLog.java,1
f827dcfe6852f045961a43c93bb09545842dac2e,src/java/main/org/apache/zookeeper/server/quorum/LearnerHandler.java,1
9a33a0088f4bf112207e36f278c90e9cbaabaa39,src/java/main/org/apache/zookeeper/server/DataNode.java,1
396da9f931e1ced5bed463ca35e8a4adc595a9ab,src/java/main/org/apache/zookeeper/server/quorum/flexible/QuorumHierarchical.java,1
396da9f931e1ced5bed463ca35e8a4adc595a9ab,src/java/test/org/apache/zookeeper/test/HierarchicalQuorumTest.java,1
b4ef3b159192ae2e227c0372ae361314e2befca2,src/java/test/org/apache/zookeeper/test/SessionTest.java,1
b4ef3b159192ae2e227c0372ae361314e2befca2,src/java/test/org/apache/zookeeper/test/AsyncTest.java,1
b4ef3b159192ae2e227c0372ae361314e2befca2,src/java/test/org/apache/zookeeper/test/RecoveryTest.java,1
6f99da243898003e51dc3b72a1a3a7c954f77e47,src/java/main/org/apache/zookeeper/server/quorum/FastLeaderElection.java,1
6f99da243898003e51dc3b72a1a3a7c954f77e47,src/java/test/org/apache/zookeeper/test/FLEZeroWeightTest.java,1
63130946acf2005573744fe63ce8a97045628096,src/java/main/org/apache/zookeeper/jmx/MBeanRegistry.java,1
ad9a591923981883f72e9d150094478e8d27cde6,src/java/systest/org/apache/zookeeper/test/system/BaseSysTest.java,1
ad9a591923981883f72e9d150094478e8d27cde6,src/java/systest/org/apache/zookeeper/test/system/QuorumPeerInstance.java,1
ad9a591923981883f72e9d150094478e8d27cde6,src/java/systest/org/apache/zookeeper/test/system/InstanceManager.java,1
ad9a591923981883f72e9d150094478e8d27cde6,src/java/systest/org/apache/zookeeper/test/system/SimpleSysTest.java,1
4443ed255fa55b52d70c1250fe64a2d07aa231c6,src/java/main/org/apache/zookeeper/ZooKeeper.java,1
4443ed255fa55b52d70c1250fe64a2d07aa231c6,src/java/main/org/apache/zookeeper/server/NIOServerCnxn.java,1
1f5bf0132d6c1d6b248d289a731eec3ff7e62a6d,src/java/main/org/apache/zookeeper/server/ZKDatabase.java,1
a09fe67332ab56412e4b71bc30a72d550a2d9408,src/java/main/org/apache/zookeeper/server/quorum/SendAckRequestProcessor.java,1
96be9c612a8b517808479925bb4c32e654f34027,src/java/test/org/apache/zookeeper/test/MultiTransactionTest.java,1
2cc64f54fdf857437ac7325639afdb67bbfb0388,src/java/test/org/apache/zookeeper/test/OOMTest.java,1
2cc64f54fdf857437ac7325639afdb67bbfb0388,src/java/test/org/apache/zookeeper/test/RecoveryTest.java,1
2cc64f54fdf857437ac7325639afdb67bbfb0388,src/java/test/org/apache/zookeeper/test/SessionTest.java,1
2cc64f54fdf857437ac7325639afdb67bbfb0388,src/java/test/org/apache/zookeeper/test/ClientTest.java,1
2cc64f54fdf857437ac7325639afdb67bbfb0388,src/java/test/org/apache/zookeeper/test/ZooKeeperTestClient.java,1
2cc64f54fdf857437ac7325639afdb67bbfb0388,src/java/test/org/apache/zookeeper/test/QuorumTest.java,1
2cc64f54fdf857437ac7325639afdb67bbfb0388,src/java/test/org/apache/zookeeper/test/GenerateLoad.java,1
2cc64f54fdf857437ac7325639afdb67bbfb0388,src/java/test/org/apache/zookeeper/test/TestHammer.java,1
2cc64f54fdf857437ac7325639afdb67bbfb0388,src/java/test/org/apache/zookeeper/test/AsyncTest.java,1
2cc64f54fdf857437ac7325639afdb67bbfb0388,src/java/test/org/apache/zookeeper/test/SledgeHammer.java,1
cfa2109b7af4fd282b855da04ee5d9ebf9b7ec75,src/java/main/org/apache/zookeeper/OpResult.java,1
cfa2109b7af4fd282b855da04ee5d9ebf9b7ec75,src/java/main/org/apache/zookeeper/Op.java,1
cfa2109b7af4fd282b855da04ee5d9ebf9b7ec75,src/java/main/org/apache/zookeeper/server/PrepRequestProcessor.java,1
cfa2109b7af4fd282b855da04ee5d9ebf9b7ec75,src/java/main/org/apache/zookeeper/MultiTransactionRecord.java,1
cfa2109b7af4fd282b855da04ee5d9ebf9b7ec75,src/java/main/org/apache/zookeeper/Transaction.java,1
cfa2109b7af4fd282b855da04ee5d9ebf9b7ec75,src/java/test/org/apache/zookeeper/test/MultiTransactionTest.java,1
cfa2109b7af4fd282b855da04ee5d9ebf9b7ec75,src/java/main/org/apache/zookeeper/ZooKeeper.java,1
cfa2109b7af4fd282b855da04ee5d9ebf9b7ec75,src/java/main/org/apache/zookeeper/server/DataTree.java,1
67ca3cde3aaaa6f008b5e007c5e9bc9f7184f08a,src/java/main/org/apache/zookeeper/server/quorum/LearnerHandler.java,1
67ca3cde3aaaa6f008b5e007c5e9bc9f7184f08a,src/java/main/org/apache/zookeeper/server/auth/ProviderRegistry.java,1
67ca3cde3aaaa6f008b5e007c5e9bc9f7184f08a,src/java/main/org/apache/zookeeper/server/SyncRequestProcessor.java,1
67ca3cde3aaaa6f008b5e007c5e9bc9f7184f08a,src/java/main/org/apache/zookeeper/server/quorum/FollowerHandler.java,1
67ca3cde3aaaa6f008b5e007c5e9bc9f7184f08a,src/java/test/org/apache/zookeeper/server/ZooKeeperServerTest.java,1
67ca3cde3aaaa6f008b5e007c5e9bc9f7184f08a,src/java/main/org/apache/zookeeper/server/PurgeTxnLog.java,1
67ca3cde3aaaa6f008b5e007c5e9bc9f7184f08a,src/java/main/org/apache/zookeeper/server/quorum/Follower.java,1
67ca3cde3aaaa6f008b5e007c5e9bc9f7184f08a,src/java/main/org/apache/zookeeper/server/auth/DigestAuthenticationProvider.java,1
67ca3cde3aaaa6f008b5e007c5e9bc9f7184f08a,src/java/main/org/apache/zookeeper/server/NIOServerCnxn.java,1
67ca3cde3aaaa6f008b5e007c5e9bc9f7184f08a,src/java/main/org/apache/zookeeper/server/quorum/QuorumPeerConfig.java,1
67ca3cde3aaaa6f008b5e007c5e9bc9f7184f08a,src/java/main/org/apache/zookeeper/server/quorum/QuorumPeer.java,1
67ca3cde3aaaa6f008b5e007c5e9bc9f7184f08a,src/java/main/org/apache/zookeeper/server/quorum/AuthFastLeaderElection.java,1
67ca3cde3aaaa6f008b5e007c5e9bc9f7184f08a,src/java/main/org/apache/zookeeper/server/quorum/CommitProcessor.java,1
e4f125ae91afe280179a674574bcd6448971a4bc,src/java/main/org/apache/zookeeper/server/quorum/QuorumPeer.java,1
19d011211d87d2c584df011a37b80b3da42968fd,src/java/test/org/apache/zookeeper/server/CRCTest.java,1
19d011211d87d2c584df011a37b80b3da42968fd,src/java/main/org/apache/jute/BinaryInputArchive.java,1
6d65ae98522b0514733b630029380024fa543bf5,src/java/test/org/apache/zookeeper/server/quorum/QuorumPeerMainTest.java,1
6d65ae98522b0514733b630029380024fa543bf5,src/java/main/org/apache/zookeeper/server/quorum/QuorumCnxManager.java,1
79890d19acb46c6e2483d9647141771e0baec171,src/java/main/org/apache/zookeeper/client/ZooKeeperSaslClient.java,1
79890d19acb46c6e2483d9647141771e0baec171,src/java/main/org/apache/zookeeper/ClientCnxn.java,1
79890d19acb46c6e2483d9647141771e0baec171,src/java/main/org/apache/zookeeper/ClientCnxnSocketNIO.java,1
79890d19acb46c6e2483d9647141771e0baec171,src/java/test/org/apache/zookeeper/test/SaslAuthFailTest.java,1
640202af758cd1139b53b22bd28db23b70cf63db,src/java/test/org/apache/zookeeper/test/ClientTest.java,1
640202af758cd1139b53b22bd28db23b70cf63db,src/java/main/org/apache/zookeeper/server/PrepRequestProcessor.java,1
c0bd7d39bbd42fa5b24c499cb201761a399f4e6b,src/java/test/org/apache/zookeeper/test/ClientTest.java,1
c0bd7d39bbd42fa5b24c499cb201761a399f4e6b,src/java/main/org/apache/jute/Utils.java,1
c0bd7d39bbd42fa5b24c499cb201761a399f4e6b,src/java/main/org/apache/zookeeper/server/ServerCnxn.java,1
c0bd7d39bbd42fa5b24c499cb201761a399f4e6b,src/java/test/org/apache/zookeeper/test/ClientBase.java,1
c0bd7d39bbd42fa5b24c499cb201761a399f4e6b,src/java/main/org/apache/zookeeper/server/auth/HostAuthenticationProvider.java,1
c0bd7d39bbd42fa5b24c499cb201761a399f4e6b,src/java/test/org/apache/zookeeper/test/DataTreeTest.java,1
c0bd7d39bbd42fa5b24c499cb201761a399f4e6b,src/java/main/org/apache/zookeeper/ZooKeeper.java,1
c0bd7d39bbd42fa5b24c499cb201761a399f4e6b,src/java/main/org/apache/zookeeper/version/util/VerGen.java,1
c0bd7d39bbd42fa5b24c499cb201761a399f4e6b,src/java/test/org/apache/zookeeper/test/WatcherFuncTest.java,1
c407187ae448b17d8e05573aed747551a43cac70,src/java/main/org/apache/zookeeper/server/DataTree.java,1
843baf56d4d8e120fd516aeb9c04718193bccbe7,src/java/main/org/apache/zookeeper/ClientCnxn.java,1
083cbe7935b0d21946063f4744b4e70094e5368e,src/java/test/org/apache/zookeeper/test/CnxManagerTest.java,1
083cbe7935b0d21946063f4744b4e70094e5368e,src/java/main/org/apache/zookeeper/server/quorum/QuorumCnxManager.java,1
854a3007dec5e20ea362e03afa3dd481b87d06ab,src/java/test/org/apache/zookeeper/test/DataTreeTest.java,1
675ef85ba5cd97d69b875d14854b638da6f4423c,src/java/main/org/apache/zookeeper/server/util/ConfigUtils.java,1
675ef85ba5cd97d69b875d14854b638da6f4423c,src/java/main/org/apache/zookeeper/server/quorum/LearnerHandler.java,1
675ef85ba5cd97d69b875d14854b638da6f4423c,src/java/test/org/apache/zookeeper/test/ReconfigTest.java,1
675ef85ba5cd97d69b875d14854b638da6f4423c,src/java/main/org/apache/zookeeper/server/quorum/FastLeaderElection.java,1
675ef85ba5cd97d69b875d14854b638da6f4423c,src/java/main/org/apache/zookeeper/server/quorum/QuorumCnxManager.java,1
675ef85ba5cd97d69b875d14854b638da6f4423c,src/java/main/org/apache/zookeeper/server/quorum/Learner.java,1
675ef85ba5cd97d69b875d14854b638da6f4423c,src/java/main/org/apache/zookeeper/server/quorum/Leader.java,1
675ef85ba5cd97d69b875d14854b638da6f4423c,src/java/main/org/apache/zookeeper/cli/ReconfigCommand.java,1
675ef85ba5cd97d69b875d14854b638da6f4423c,src/java/main/org/apache/zookeeper/server/quorum/QuorumPeerConfig.java,1
675ef85ba5cd97d69b875d14854b638da6f4423c,src/java/main/org/apache/zookeeper/ZooKeeper.java,1
675ef85ba5cd97d69b875d14854b638da6f4423c,src/java/main/org/apache/zookeeper/server/quorum/QuorumPeer.java,1
675ef85ba5cd97d69b875d14854b638da6f4423c,src/java/main/org/apache/zookeeper/ZooDefs.java,1
675ef85ba5cd97d69b875d14854b638da6f4423c,src/java/test/org/apache/zookeeper/test/CnxManagerTest.java,1
675ef85ba5cd97d69b875d14854b638da6f4423c,src/java/main/org/apache/zookeeper/KeeperException.java,1
675ef85ba5cd97d69b875d14854b638da6f4423c,src/java/main/org/apache/zookeeper/server/ZKDatabase.java,1
675ef85ba5cd97d69b875d14854b638da6f4423c,src/java/test/org/apache/zookeeper/server/quorum/ReconfigRecoveryTest.java,1
20d97260dfd7d0b1bd592ca4f425cf35b1b033d0,src/java/main/org/apache/zookeeper/server/PrepRequestProcessor.java,1
96bfdfa004a51102f77d68ca14ba717f7d9c05fc,src/java/main/org/apache/zookeeper/server/quorum/QuorumCnxManager.java,1
7c0ef00582fbaa8d91c43da7b19e30946eab1928,src/java/test/org/apache/zookeeper/test/GenerateLoad.java,1
5ee3c41b1166ee968e8aff819bee6f26b45abfb3,src/java/test/org/apache/zookeeper/test/ObserverTest.java,1
5ee3c41b1166ee968e8aff819bee6f26b45abfb3,src/java/main/org/apache/zookeeper/server/quorum/QuorumPeer.java,1
5ee3c41b1166ee968e8aff819bee6f26b45abfb3,src/java/main/org/apache/zookeeper/server/quorum/FastLeaderElection.java,1
5ee3c41b1166ee968e8aff819bee6f26b45abfb3,src/java/main/org/apache/zookeeper/server/quorum/QuorumCnxManager.java,1
5ee3c41b1166ee968e8aff819bee6f26b45abfb3,src/java/test/org/apache/zookeeper/test/QuorumBase.java,1
c42398150670ed04a6751f16b1eed3db23a7bbe6,src/java/main/org/apache/zookeeper/server/quorum/AuthFastLeaderElection.java,1
c42398150670ed04a6751f16b1eed3db23a7bbe6,src/java/main/org/apache/zookeeper/server/ZooKeeperServer.java,1
c42398150670ed04a6751f16b1eed3db23a7bbe6,src/java/main/org/apache/zookeeper/server/quorum/Leader.java,1
588ba1d743e6bc9bf23bb2c2b5d044c2a1e045b0,src/java/main/org/apache/zookeeper/client/ZooKeeperSaslClient.java,1
588ba1d743e6bc9bf23bb2c2b5d044c2a1e045b0,src/java/main/org/apache/zookeeper/ClientCnxn.java,1
11c82eaf117d5e04ec082750259951443492682f,src/java/main/org/apache/zookeeper/server/quorum/QuorumCnxManager.java,1
9f6019605eb182b133f9992e47c2338550b8bdef,src/java/main/org/apache/zookeeper/server/WorkerService.java,1
9f6019605eb182b133f9992e47c2338550b8bdef,src/java/main/org/apache/zookeeper/server/quorum/CommitProcessor.java,1
6528fec1d04e7bbf041c6557958bc1794435fccb,src/java/main/org/apache/jute/BinaryInputArchive.java,1
d1e0d70ca219d20ecea9a244ea17e872da46fc17,src/java/main/org/apache/zookeeper/server/NIOServerCnxn.java,1
d0086db679186a034e7f689ac2dd755be7f0450a,src/java/main/org/apache/zookeeper/server/persistence/FileTxnSnapLog.java,1
29ccb1c224b92da261f0c22e41103c6b4beceede,src/java/test/org/apache/zookeeper/server/DataTreeTest.java,1
29ccb1c224b92da261f0c22e41103c6b4beceede,src/java/test/org/apache/zookeeper/test/DataTreeTest.java,1
a1ff8818542d2d767483a7e114762d964facc991,src/java/main/org/apache/zookeeper/server/quorum/Leader.java,1
76b9858ff16f9712b4c0eaec8d762d1491636bc2,src/java/main/org/apache/zookeeper/server/quorum/FastLeaderElection.java,1
76b9858ff16f9712b4c0eaec8d762d1491636bc2,src/java/main/org/apache/zookeeper/server/quorum/AuthFastLeaderElection.java,1
a23e4c576373d658e87e64e2aff37f885b7b54fd,src/java/main/org/apache/zookeeper/version/util/VerGen.java,1
5fc17044ba6fef7078d2afdad823c3b538c8c250,src/java/test/org/apache/zookeeper/test/SessionTest.java,1
5fc17044ba6fef7078d2afdad823c3b538c8c250,src/java/test/org/apache/zookeeper/test/ClientTest.java,1
5fc17044ba6fef7078d2afdad823c3b538c8c250,src/java/test/org/apache/zookeeper/test/AsyncHammerTest.java,1
5fc17044ba6fef7078d2afdad823c3b538c8c250,src/java/test/org/apache/zookeeper/test/QuorumHammerTest.java,1
5fc17044ba6fef7078d2afdad823c3b538c8c250,src/java/test/org/apache/zookeeper/test/QuorumBase.java,1
5fc17044ba6fef7078d2afdad823c3b538c8c250,src/java/test/org/apache/zookeeper/test/DBSizeTest.java,1
5fc17044ba6fef7078d2afdad823c3b538c8c250,src/java/test/org/apache/zookeeper/test/ClientHammerTest.java,1
af85f211e74fddd45fab836fca6060e7a16cda86,src/java/test/org/apache/zookeeper/test/ZooKeeperQuotaTest.java,1
af85f211e74fddd45fab836fca6060e7a16cda86,src/java/main/org/apache/zookeeper/ZooKeeperMain.java,1
af85f211e74fddd45fab836fca6060e7a16cda86,src/java/main/org/apache/zookeeper/server/PrepRequestProcessor.java,1
af85f211e74fddd45fab836fca6060e7a16cda86,src/java/test/org/apache/zookeeper/test/QuorumBase.java,1
af85f211e74fddd45fab836fca6060e7a16cda86,src/java/test/org/apache/zookeeper/test/AsyncTest.java,1
af85f211e74fddd45fab836fca6060e7a16cda86,src/java/main/org/apache/zookeeper/server/DataTree.java,1
77992edd8abc6ffd759d60266e55fd3b388b7d3a,src/java/test/org/apache/zookeeper/test/QuorumTest.java,1
a7d88da5302c2876e2c78d1cbd146f04813a199b,src/java/test/org/apache/zookeeper/server/util/PortForwarder.java,1
a7d88da5302c2876e2c78d1cbd146f04813a199b,src/java/test/org/apache/zookeeper/server/TruncateCorruptionTest.java,1
574102bc7756d3308d5cdff29f67fd90b465ddeb,src/java/main/org/apache/zookeeper/server/quorum/FastLeaderElection.java,1
140e115b3ce149d2685938fdbd9d3251333527d5,src/java/test/org/apache/zookeeper/test/LoadFromLogTest.java,1
debdb3f4fe7fbb39b1c846b85bceb2bf644ed919,src/contrib/zooinspector/src/java/org/apache/zookeeper/inspector/ZooInspector.java,1
debdb3f4fe7fbb39b1c846b85bceb2bf644ed919,src/contrib/zooinspector/src/java/org/apache/zookeeper/inspector/gui/nodeviewer/NodeViewerData.java,1
cc63f25c1ca9f0f98d92c407ac3a7a6ccd879e7c,src/java/test/org/apache/zookeeper/server/admin/JettyAdminServerTest.java,1
cc63f25c1ca9f0f98d92c407ac3a7a6ccd879e7c,src/java/main/org/apache/zookeeper/server/admin/JettyAdminServer.java,1
cc63f25c1ca9f0f98d92c407ac3a7a6ccd879e7c,src/java/test/org/apache/zookeeper/server/PrepRequestProcessorTest.java,1
cc63f25c1ca9f0f98d92c407ac3a7a6ccd879e7c,src/java/main/org/apache/zookeeper/server/admin/Commands.java,1
ee6643188a6280f90b8a9b82757100fd87fffb6c,src/java/main/org/apache/zookeeper/server/quorum/FastLeaderElection.java,1
fb4c890cfbf8405c7c8aca13de3179336489a2d7,src/java/main/org/apache/zookeeper/server/persistence/FileTxnSnapLog.java,1
d57d1dac02d85de8e30c8995164f535fc7182f2f,src/java/main/org/apache/zookeeper/server/quorum/Leader.java,1
d57d1dac02d85de8e30c8995164f535fc7182f2f,src/java/main/org/apache/zookeeper/server/quorum/Learner.java,1
d57d1dac02d85de8e30c8995164f535fc7182f2f,src/java/main/org/apache/zookeeper/server/quorum/LearnerHandler.java,1
d57d1dac02d85de8e30c8995164f535fc7182f2f,src/java/test/org/apache/zookeeper/server/quorum/Zab1_0Test.java,1
4bb76bd22916de8dcfe0c40f649d02d61737e871,src/java/main/org/apache/zookeeper/server/quorum/QuorumPeer.java,1
9daca95cd22a1ae8efdf1db95ca23d538f7e252d,src/java/test/org/apache/zookeeper/server/NIOServerCnxnTest.java,1
ec93b1ef0399d4f9795c6b2259bdc33b1ff76808,src/java/main/org/apache/zookeeper/server/quorum/QuorumPeer.java,1
b8af4a7c7d8a6facf0456ced073e2aff4f9b5028,src/java/main/org/apache/zookeeper/server/quorum/QuorumCnxManager.java,1
789ac5e5b0d40b43d81cdba2507d53ac9d848b6c,src/java/main/org/apache/zookeeper/server/quorum/QuorumPeerMain.java,1
638e59b0dae894c79a1c469844755d5184691bd1,src/java/main/org/apache/zookeeper/ClientCnxnSocketNIO.java,1
fa4db1172e0fb95d158714a62921c0d6b0f8131e,src/java/test/org/apache/zookeeper/test/FLELostMessageTest.java,1
fa4db1172e0fb95d158714a62921c0d6b0f8131e,src/java/test/org/apache/zookeeper/test/FLEBackwardElectionRoundTest.java,1
fa4db1172e0fb95d158714a62921c0d6b0f8131e,src/java/test/org/apache/zookeeper/server/quorum/Zab1_0Test.java,1
e96290ad15561a373f1508a0325ce62d563ec354,src/java/main/org/apache/zookeeper/ClientCnxn.java,1
aad46d4a7e234a1d10de2da983f83e64be872d9f,src/java/test/org/apache/zookeeper/test/ACLTest.java,1
aad46d4a7e234a1d10de2da983f83e64be872d9f,src/java/main/org/apache/zookeeper/server/PrepRequestProcessor.java,1
aad46d4a7e234a1d10de2da983f83e64be872d9f,src/java/main/org/apache/zookeeper/server/quorum/LearnerHandler.java,1
aad46d4a7e234a1d10de2da983f83e64be872d9f,src/java/test/org/apache/zookeeper/test/HierarchicalQuorumTest.java,1
aad46d4a7e234a1d10de2da983f83e64be872d9f,src/java/main/org/apache/zookeeper/server/SyncRequestProcessor.java,1
aad46d4a7e234a1d10de2da983f83e64be872d9f,src/java/main/org/apache/zookeeper/server/quorum/QuorumCnxManager.java,1
aad46d4a7e234a1d10de2da983f83e64be872d9f,src/java/test/org/apache/zookeeper/test/FLENewEpochTest.java,1
aad46d4a7e234a1d10de2da983f83e64be872d9f,src/java/test/org/apache/zookeeper/test/ClientBase.java,1
aad46d4a7e234a1d10de2da983f83e64be872d9f,src/java/test/org/apache/zookeeper/test/PurgeTxnTest.java,1
aad46d4a7e234a1d10de2da983f83e64be872d9f,src/java/main/org/apache/zookeeper/server/persistence/FileTxnLog.java,1
aad46d4a7e234a1d10de2da983f83e64be872d9f,src/java/main/org/apache/zookeeper/ZooKeeper.java,1
aad46d4a7e234a1d10de2da983f83e64be872d9f,src/java/test/org/apache/zookeeper/server/InvalidSnapshotTest.java,1
aad46d4a7e234a1d10de2da983f83e64be872d9f,src/java/main/org/apache/zookeeper/server/FinalRequestProcessor.java,1
8846d523cc56e0887673ea4334daeb16bf8670b2,src/java/main/org/apache/zookeeper/ClientCnxn.java,1
8846d523cc56e0887673ea4334daeb16bf8670b2,src/java/main/org/apache/zookeeper/server/PrepRequestProcessor.java,1
8846d523cc56e0887673ea4334daeb16bf8670b2,src/java/main/org/apache/zookeeper/server/SessionTrackerImpl.java,1
8846d523cc56e0887673ea4334daeb16bf8670b2,src/java/main/org/apache/zookeeper/server/ServerCnxn.java,1
8846d523cc56e0887673ea4334daeb16bf8670b2,src/java/main/org/apache/zookeeper/server/NIOServerCnxn.java,1
8846d523cc56e0887673ea4334daeb16bf8670b2,src/java/main/org/apache/zookeeper/server/FinalRequestProcessor.java,1
70a6f69a97bf695d4f57c9355495d8c77cc72043,src/java/test/org/apache/zookeeper/test/ClientBase.java,1
70a6f69a97bf695d4f57c9355495d8c77cc72043,src/java/main/org/apache/zookeeper/server/NIOServerCnxn.java,1
4bc277fece8b164c3bdb71aea9b1f71b14405833,src/java/main/org/apache/zookeeper/ZooKeeper.java,1
c4d7183a205ce807d3211a1fd12cbd43d17334bc,src/java/main/org/apache/zookeeper/ZooKeeper.java,1
8fb2358d83a48ce353c962cdb1e2048233d58009,src/java/test/org/apache/zookeeper/test/StandaloneTest.java,1
c1dcbb8a8fff0b415a1e6969894cd78cce9eb473,src/java/main/org/apache/zookeeper/server/quorum/QuorumCnxManager.java,1
802af933e1f6fbd265ebffb06fdd2f9c1937ada3,src/java/test/org/apache/zookeeper/test/ReadOnlyModeTest.java,1
802af933e1f6fbd265ebffb06fdd2f9c1937ada3,src/java/main/org/apache/zookeeper/server/quorum/ReadOnlyZooKeeperServer.java,1
802af933e1f6fbd265ebffb06fdd2f9c1937ada3,src/java/main/org/apache/zookeeper/server/quorum/ReadOnlyRequestProcessor.java,1
84cefab0502a42f19979869c9bfad4deb87ef836,src/java/main/org/apache/zookeeper/server/SyncRequestProcessor.java,1
5bd0fc4281039e5c9611b05eb11e8efc74a51e57,src/java/main/org/apache/zookeeper/server/quorum/QuorumPeer.java,1
f241ea50438c050ce0354a38aced4375c6f38eef,src/java/main/org/apache/zookeeper/server/quorum/QuorumPeer.java,1
f241ea50438c050ce0354a38aced4375c6f38eef,src/java/main/org/apache/zookeeper/server/quorum/QuorumZooKeeperServer.java,1
f241ea50438c050ce0354a38aced4375c6f38eef,src/java/main/org/apache/zookeeper/server/NIOServerCnxn.java,1
7c7856f9ad980ff99333c00403d059dde0929297,src/java/main/org/apache/zookeeper/server/quorum/QuorumPeerConfig.java,1
fc43940af33efa973ff9eb9f2645beb460495869,src/java/test/org/apache/zookeeper/JUnit4ZKTestRunner.java,1
879e6f4ff9e2cf8daa2ca18079893e3d32d30a8f,src/java/test/org/apache/zookeeper/test/LoadFromLogTest.java,1
720f8e694a55f1b900b2a41c600a4c279a0ab01b,src/contrib/bookkeeper/test/org/apache/bookkeeper/test/LedgerRecoveryTest.java,1
7a0d1bdcf7c0ea52bbbe3d493f1a093b84e7f2a6,src/java/test/org/apache/zookeeper/server/PrepRequestProcessorTest.java,1
5182b01c6f8272a4bd4185d3ddf88a6fe1e83338,src/java/main/org/apache/zookeeper/server/quorum/FollowerRequestProcessor.java,1
ba41effebc8f52c89672bbb8e861b277fdb99bf4,src/java/main/org/apache/zookeeper/ZooKeeper.java,1
0000000000000000000000000000000000000000,src/java/test/org/apache/zookeeper/server/quorum/DynamicConfigBackwardCompatibilityTest.java,1
399373e4a0864a84b9fc49cae174272ff6457d90,src/java/test/org/apache/zookeeper/test/ClientTest.java,1
399373e4a0864a84b9fc49cae174272ff6457d90,src/java/test/org/apache/zookeeper/test/AsyncTest.java,1
399373e4a0864a84b9fc49cae174272ff6457d90,src/java/test/org/apache/zookeeper/test/DataTreeTest.java,1
b79af153d0f98a4f3f3516910ed47234d7b3d74e,src/java/main/org/apache/zookeeper/server/WatchManager.java,1
b79af153d0f98a4f3f3516910ed47234d7b3d74e,src/java/test/org/apache/zookeeper/RemoveWatchesTest.java,1
b79af153d0f98a4f3f3516910ed47234d7b3d74e,src/java/main/org/apache/zookeeper/ZooKeeper.java,1
b79af153d0f98a4f3f3516910ed47234d7b3d74e,src/java/main/org/apache/zookeeper/server/ZKDatabase.java,1
b79af153d0f98a4f3f3516910ed47234d7b3d74e,src/java/main/org/apache/zookeeper/server/DataTree.java,1
b79af153d0f98a4f3f3516910ed47234d7b3d74e,src/java/main/org/apache/zookeeper/server/FinalRequestProcessor.java,1
b79af153d0f98a4f3f3516910ed47234d7b3d74e,src/java/main/org/apache/zookeeper/KeeperException.java,1
738ce27af550475b6e7a63e1ae3454a985bcc569,src/contrib/bookkeeper/src/java/org/apache/bookkeeper/client/BookieHandle.java,1
738ce27af550475b6e7a63e1ae3454a985bcc569,src/contrib/bookkeeper/test/org/apache/bookkeeper/test/BookieFailureTest.java,1
738ce27af550475b6e7a63e1ae3454a985bcc569,src/contrib/bookkeeper/test/org/apache/bookkeeper/test/BookieReadWriteTest.java,1
192cc0613ac28c5542f2bef68255fe295a895bd1,src/java/main/org/apache/zookeeper/server/persistence/Util.java,1
192cc0613ac28c5542f2bef68255fe295a895bd1,src/java/test/org/apache/zookeeper/server/InvalidSnapshotTest.java,1
192cc0613ac28c5542f2bef68255fe295a895bd1,src/java/main/org/apache/zookeeper/server/persistence/FileSnap.java,1
a9cb7065933fb7eaa5742208ee6531fd524a147b,src/java/main/org/apache/zookeeper/server/quorum/LeaderZooKeeperServer.java,1
ec15262175485958ba951b704a893e4302a30959,src/java/main/org/apache/zookeeper/ClientCnxn.java,1
ec15262175485958ba951b704a893e4302a30959,src/java/main/org/apache/zookeeper/ClientWatchManager.java,1
ec15262175485958ba951b704a893e4302a30959,src/java/test/org/apache/zookeeper/test/DataTreeTest.java,1
ec15262175485958ba951b704a893e4302a30959,src/java/main/org/apache/zookeeper/server/NIOServerCnxn.java,1
ec15262175485958ba951b704a893e4302a30959,src/java/main/org/apache/zookeeper/ZooKeeper.java,1
ec15262175485958ba951b704a893e4302a30959,src/java/main/org/apache/zookeeper/Watcher.java,1
ec15262175485958ba951b704a893e4302a30959,src/java/main/org/apache/zookeeper/server/DataTree.java,1
18aae19501e989ef00d5947648b7fce68dc64fc1,src/java/main/org/apache/zookeeper/server/persistence/FileTxnSnapLog.java,1
18aae19501e989ef00d5947648b7fce68dc64fc1,src/java/test/org/apache/zookeeper/test/DataTreeTest.java,1
a72fb7e06a8dde49b01227015824d1ebdd2bdba6,src/java/test/org/apache/zookeeper/test/DBSizeTest.java,1
de0fe6d91003a91122accdb732ab5149f252f8ad,src/java/main/org/apache/zookeeper/server/persistence/FileSnap.java,1
17895342a059b348908a8e9f0604889aa96871f1,src/java/main/org/apache/zookeeper/server/quorum/Leader.java,1
d071921d306e5c43032283f2d6ceb992233add1e,src/java/main/org/apache/zookeeper/server/SessionTrackerImpl.java,1
d071921d306e5c43032283f2d6ceb992233add1e,src/java/main/org/apache/zookeeper/server/WatchManager.java,1
d071921d306e5c43032283f2d6ceb992233add1e,src/java/main/org/apache/zookeeper/server/DataTree.java,1
d071921d306e5c43032283f2d6ceb992233add1e,src/java/main/org/apache/zookeeper/server/PrepRequestProcessor.java,1
d071921d306e5c43032283f2d6ceb992233add1e,src/java/main/org/apache/zookeeper/server/NIOServerCnxn.java,1
29c6c84b30ed0663bdfeb2f36ed5f25f42804253,src/java/test/org/apache/zookeeper/test/ACLTest.java,1
29c6c84b30ed0663bdfeb2f36ed5f25f42804253,src/java/main/org/apache/zookeeper/server/DataTree.java,1
29c6c84b30ed0663bdfeb2f36ed5f25f42804253,src/java/main/org/apache/zookeeper/server/persistence/FileSnap.java,1
b4d37b909119939ff8a07464bfcba83e8b1467e3,src/java/test/org/apache/zookeeper/test/QuorumTest.java,1
8d82142e1eb8b8ce6d663f6f62a5eba886a9d7dc,src/java/main/org/apache/zookeeper/ClientCnxnSocketNIO.java,1
765664f3d350fdc4931ae915a8c042bff367895d,src/java/test/org/apache/zookeeper/server/quorum/Zab1_0Test.java,1
c6300165f6b3f51b1d51e466d48713b9f65ea2ca,src/java/main/org/apache/zookeeper/server/quorum/Follower.java,1
c6300165f6b3f51b1d51e466d48713b9f65ea2ca,src/java/test/org/apache/zookeeper/test/FLETest.java,1
c6300165f6b3f51b1d51e466d48713b9f65ea2ca,src/java/main/org/apache/zookeeper/server/quorum/FastLeaderElection.java,1
c6300165f6b3f51b1d51e466d48713b9f65ea2ca,src/java/main/org/apache/zookeeper/server/quorum/QuorumCnxManager.java,1
c6300165f6b3f51b1d51e466d48713b9f65ea2ca,src/java/main/org/apache/zookeeper/server/quorum/Leader.java,1
25e070e05ccff1a0e22047d1d8be0f82edc20e58,src/java/main/org/apache/zookeeper/ClientCnxnSocketNIO.java,1
19d15b960363be460555398f8911e3560e90861b,src/java/test/org/apache/zookeeper/server/SerializationPerfTest.java,1
19d15b960363be460555398f8911e3560e90861b,src/java/test/org/apache/zookeeper/server/DeserializationPerfTest.java,1
bdedbdcbcf580bded164aee0852d7056dbbdaea7,src/java/main/org/apache/zookeeper/ZooKeeper.java,1
bdedbdcbcf580bded164aee0852d7056dbbdaea7,src/java/main/org/apache/zookeeper/ClientCnxn.java,1
bdedbdcbcf580bded164aee0852d7056dbbdaea7,src/java/main/org/apache/zookeeper/server/FinalRequestProcessor.java,1
1c2445651cd90acd3719ff57fa35b92c70d79ee2,src/java/main/org/apache/zookeeper/server/PrepRequestProcessor.java,1
1c2445651cd90acd3719ff57fa35b92c70d79ee2,src/java/main/org/apache/zookeeper/server/quorum/SendAckRequestProcessor.java,1
1c2445651cd90acd3719ff57fa35b92c70d79ee2,src/java/main/org/apache/zookeeper/server/quorum/Leader.java,1
1c2445651cd90acd3719ff57fa35b92c70d79ee2,src/java/main/org/apache/zookeeper/server/NIOServerCnxn.java,1
1c2445651cd90acd3719ff57fa35b92c70d79ee2,src/java/main/org/apache/zookeeper/server/persistence/FileTxnLog.java,1
1c2445651cd90acd3719ff57fa35b92c70d79ee2,src/java/main/org/apache/zookeeper/server/util/SerializeUtils.java,1
9be327460d1cc4261874416df6dd18f9384443d5,src/java/main/org/apache/zookeeper/server/quorum/FollowerZooKeeperServer.java,1
9be327460d1cc4261874416df6dd18f9384443d5,src/java/main/org/apache/zookeeper/server/quorum/FollowerRequestProcessor.java,1
9be327460d1cc4261874416df6dd18f9384443d5,src/java/main/org/apache/zookeeper/server/quorum/Leader.java,1
bcbd863748cd4f59f713eda56e458c304705941e,src/java/test/org/apache/zookeeper/test/FLELostMessageTest.java,1
bcbd863748cd4f59f713eda56e458c304705941e,src/java/test/org/apache/zookeeper/JUnit4ZKTestRunner.java,1
bcbd863748cd4f59f713eda56e458c304705941e,src/java/test/org/apache/zookeeper/server/quorum/LearnerTest.java,1
bcbd863748cd4f59f713eda56e458c304705941e,src/java/test/org/apache/zookeeper/server/quorum/QuorumPeerMainTest.java,1
bcbd863748cd4f59f713eda56e458c304705941e,src/java/test/org/apache/zookeeper/test/QuorumTest.java,1
bcbd863748cd4f59f713eda56e458c304705941e,src/java/test/org/apache/zookeeper/test/CnxManagerTest.java,1
40e03a9ceaf46167301646338a093c71d3a8cc68,src/java/main/org/apache/zookeeper/server/quorum/LearnerHandler.java,1
9f4d6f79a1ba7ed54d5cbbf993cb04820b9d93c3,src/java/main/org/apache/zookeeper/server/quorum/LearnerHandler.java,1
9f4d6f79a1ba7ed54d5cbbf993cb04820b9d93c3,src/java/main/org/apache/zookeeper/server/quorum/FastLeaderElection.java,1
9f4d6f79a1ba7ed54d5cbbf993cb04820b9d93c3,src/java/main/org/apache/zookeeper/server/quorum/Learner.java,1
9f4d6f79a1ba7ed54d5cbbf993cb04820b9d93c3,src/java/test/org/apache/zookeeper/server/quorum/QuorumPeerTestBase.java,1
9f4d6f79a1ba7ed54d5cbbf993cb04820b9d93c3,src/java/main/org/apache/zookeeper/server/quorum/Leader.java,1
9f4d6f79a1ba7ed54d5cbbf993cb04820b9d93c3,src/java/main/org/apache/zookeeper/server/quorum/QuorumPeer.java,1
9f4d6f79a1ba7ed54d5cbbf993cb04820b9d93c3,src/java/main/org/apache/zookeeper/server/quorum/Vote.java,1
cf77d24624a45f0eb1db6934059c03088fb17094,src/java/main/org/apache/zookeeper/server/SyncRequestProcessor.java,1
6be49479c50d82644c5ea5293eb22bfd45e7e451,src/java/main/org/apache/zookeeper/server/ZooKeeperServerMain.java,1
47c54fede374c4d45fe408267ffcce8991170d4f,src/java/main/org/apache/zookeeper/ZooKeeper.java,1
a91b5b81a85c3b757356ed2f2bbeb0ea36e3934b,src/java/main/org/apache/zookeeper/server/quorum/QuorumCnxManager.java,1
a91b5b81a85c3b757356ed2f2bbeb0ea36e3934b,src/java/test/org/apache/zookeeper/test/FLERestartTest.java,1
df095211542d407732e51d681880c572999d70de,src/java/main/org/apache/zookeeper/server/NIOServerCnxn.java,1
a17dad7e4e329ebf0187521f8245090d71692a1a,src/java/main/org/apache/zookeeper/server/quorum/QuorumCnxManager.java,1
54fc68a0e150a0fe712b36efc2f3049d40586615,src/java/main/org/apache/zookeeper/server/quorum/FastLeaderElection.java,1
54fc68a0e150a0fe712b36efc2f3049d40586615,src/java/main/org/apache/zookeeper/server/quorum/Vote.java,1
e0b811c783ba9af11c89c7f9d144a0f97c747414,src/java/test/org/apache/zookeeper/test/FLELostMessageTest.java,1
e0b811c783ba9af11c89c7f9d144a0f97c747414,src/java/main/org/apache/zookeeper/server/quorum/FastLeaderElection.java,1
57bb8c26db0d88427e97d23abb28296ba8cd0ab7,src/java/test/org/apache/zookeeper/test/AsyncOpsTest.java,1
57bb8c26db0d88427e97d23abb28296ba8cd0ab7,src/java/test/org/apache/zookeeper/test/AsyncOps.java,1
5660664c6c58e911c885b7abdb879442bda3649e,src/java/main/org/apache/zookeeper/ZooKeeper.java,1
5660664c6c58e911c885b7abdb879442bda3649e,src/java/main/org/apache/zookeeper/server/quorum/QuorumPeer.java,1
5660664c6c58e911c885b7abdb879442bda3649e,src/java/main/org/apache/zookeeper/ClientCnxn.java,1
2049c9e389f7502a28a9bf28d7be35e19e18c773,src/java/main/org/apache/zookeeper/common/PathUtils.java,1
38412749d0b5b55628a66c447a0d3f407c8f3845,src/java/test/org/apache/zookeeper/test/LoadFromLogTest.java,1
0005115e42a54fed2b0c7e28bdcd0a5b8610fae4,src/java/test/org/apache/zookeeper/server/quorum/StandaloneDisabledTest.java,1
a8493a26e29b15b24b118cd8bf0b586ad3169412,src/java/systest/org/apache/zookeeper/test/system/QuorumPeerInstance.java,1
ba84b41ee20300629feef610a7d89c0791ac3a5a,src/java/test/org/apache/zookeeper/test/IntegrityCheck.java,1
15c88f0488341bf803058254da5190f0953713fb,src/java/test/org/apache/zookeeper/server/ZooKeeperServerMainTest.java,1
57059b005fa0adc9ae08cf27f8a0537ca8f56510,src/java/test/org/apache/zookeeper/test/ConnectStringParserTest.java,1
57059b005fa0adc9ae08cf27f8a0537ca8f56510,src/java/main/org/apache/zookeeper/client/StaticHostProvider.java,1
57059b005fa0adc9ae08cf27f8a0537ca8f56510,src/java/main/org/apache/zookeeper/ClientCnxn.java,1
57059b005fa0adc9ae08cf27f8a0537ca8f56510,src/java/test/org/apache/zookeeper/test/StaticHostProviderTest.java,1
52e73e5096356a9162e749569d06550778060290,src/java/test/org/apache/zookeeper/test/WatcherTest.java,1
52e73e5096356a9162e749569d06550778060290,src/java/main/org/apache/zookeeper/ClientWatchManager.java,1
538e3c18b6897276417deb8fdf18c8abab04817b,src/java/main/org/apache/zookeeper/ZooKeeperMain.java,1
0816272db841887613bc965dff86798c0e720b17,src/java/main/org/apache/zookeeper/server/quorum/FastLeaderElection.java,1
0816272db841887613bc965dff86798c0e720b17,src/java/test/org/apache/zookeeper/server/quorum/QuorumPeerMainTest.java,1
0816272db841887613bc965dff86798c0e720b17,src/java/test/org/apache/zookeeper/test/PurgeTxnTest.java,1
0816272db841887613bc965dff86798c0e720b17,src/java/main/org/apache/zookeeper/server/quorum/QuorumPeer.java,1
0816272db841887613bc965dff86798c0e720b17,src/java/main/org/apache/zookeeper/server/quorum/LeaderElection.java,1
0816272db841887613bc965dff86798c0e720b17,src/java/main/org/apache/zookeeper/server/quorum/AuthFastLeaderElection.java,1
0816272db841887613bc965dff86798c0e720b17,src/java/test/org/apache/zookeeper/server/InvalidSnapshotTest.java,1
73abf91c8065f83dca48c2ed28d85af8dad5ca2b,src/java/main/org/apache/zookeeper/server/NIOServerCnxn.java,1
d293c900fb36c76041ea911016894cab7564cab4,src/java/main/org/apache/zookeeper/cli/RemoveWatchesCommand.java,1
57ff8e815967bdf73944457179e810cbef9c732c,src/java/main/org/apache/zookeeper/server/NIOServerCnxn.java,1
c43adaab12c64a21868cb3d9dcc5654184ea8e2f,src/java/main/org/apache/zookeeper/server/ServerStats.java,1
c43adaab12c64a21868cb3d9dcc5654184ea8e2f,src/java/main/org/apache/zookeeper/server/SessionTrackerImpl.java,1
c43adaab12c64a21868cb3d9dcc5654184ea8e2f,src/java/main/org/apache/zookeeper/server/quorum/FollowerZooKeeperServer.java,1
c43adaab12c64a21868cb3d9dcc5654184ea8e2f,src/java/main/org/apache/zookeeper/server/quorum/ProposalRequestProcessor.java,1
c43adaab12c64a21868cb3d9dcc5654184ea8e2f,src/java/main/org/apache/zookeeper/server/quorum/FastLeaderElection.java,1
c43adaab12c64a21868cb3d9dcc5654184ea8e2f,src/java/main/org/apache/zookeeper/server/quorum/QuorumCnxManager.java,1
c43adaab12c64a21868cb3d9dcc5654184ea8e2f,src/java/main/org/apache/zookeeper/Version.java,1
c43adaab12c64a21868cb3d9dcc5654184ea8e2f,src/java/main/org/apache/zookeeper/server/ServerCnxn.java,1
c43adaab12c64a21868cb3d9dcc5654184ea8e2f,src/java/main/org/apache/zookeeper/server/quorum/Leader.java,1
c43adaab12c64a21868cb3d9dcc5654184ea8e2f,src/java/main/org/apache/zookeeper/server/quorum/LeaderElection.java,1
c43adaab12c64a21868cb3d9dcc5654184ea8e2f,src/java/main/org/apache/zookeeper/version/util/VerGen.java,1
c43adaab12c64a21868cb3d9dcc5654184ea8e2f,src/java/main/org/apache/zookeeper/server/ServerConfig.java,1
c43adaab12c64a21868cb3d9dcc5654184ea8e2f,src/java/main/org/apache/zookeeper/server/quorum/Vote.java,1
4c90fc5238b4e1eb0cc52bf957dbf38741e9d837,src/java/test/org/apache/zookeeper/test/ZooKeeperQuotaTest.java,1
4c90fc5238b4e1eb0cc52bf957dbf38741e9d837,src/java/test/org/apache/zookeeper/test/FLELostMessageTest.java,1
4c90fc5238b4e1eb0cc52bf957dbf38741e9d837,src/java/test/org/apache/zookeeper/server/DataTreeUnitTest.java,1
4c90fc5238b4e1eb0cc52bf957dbf38741e9d837,src/java/test/org/apache/zookeeper/test/ClientRetry.java,1
4c90fc5238b4e1eb0cc52bf957dbf38741e9d837,src/java/test/org/apache/zookeeper/test/ClientTest.java,1
4c90fc5238b4e1eb0cc52bf957dbf38741e9d837,src/java/test/org/apache/zookeeper/test/QuorumHammerTest.java,1
4c90fc5238b4e1eb0cc52bf957dbf38741e9d837,src/java/test/org/apache/zookeeper/test/QuorumBase.java,1
4c90fc5238b4e1eb0cc52bf957dbf38741e9d837,src/java/test/org/apache/zookeeper/test/PurgeTxnTest.java,1
4c90fc5238b4e1eb0cc52bf957dbf38741e9d837,src/java/test/org/apache/zookeeper/test/DataTreeTest.java,1
4c90fc5238b4e1eb0cc52bf957dbf38741e9d837,src/java/test/org/apache/zookeeper/test/QuorumTest.java,1
4c90fc5238b4e1eb0cc52bf957dbf38741e9d837,src/java/test/org/apache/zookeeper/test/CnxManagerTest.java,1
4c90fc5238b4e1eb0cc52bf957dbf38741e9d837,src/java/test/org/apache/zookeeper/server/InvalidSnapshotTest.java,1
0d25870fbb00aeca8302b3a3d6dc628e298b96bf,src/java/main/org/apache/zookeeper/server/quorum/QuorumPeer.java,1
0d25870fbb00aeca8302b3a3d6dc628e298b96bf,src/java/test/org/apache/zookeeper/test/LETest.java,1
0d25870fbb00aeca8302b3a3d6dc628e298b96bf,src/java/main/org/apache/zookeeper/server/quorum/Vote.java,1
ff99f7a2aa80cd09f1048cb6a5f4069b9cabd4be,src/contrib/bookkeeper/test/org/apache/bookkeeper/test/LedgerRecoveryTest.java,1
ff99f7a2aa80cd09f1048cb6a5f4069b9cabd4be,src/contrib/bookkeeper/src/java/org/apache/bookkeeper/client/ClientCBWorker.java,1
ff99f7a2aa80cd09f1048cb6a5f4069b9cabd4be,src/contrib/bookkeeper/test/org/apache/bookkeeper/test/BookieReadWriteTest.java,1
ff99f7a2aa80cd09f1048cb6a5f4069b9cabd4be,src/contrib/bookkeeper/src/java/org/apache/bookkeeper/bookie/Bookie.java,1
ff99f7a2aa80cd09f1048cb6a5f4069b9cabd4be,src/contrib/bookkeeper/src/java/org/apache/bookkeeper/proto/BookieServer.java,1
ff99f7a2aa80cd09f1048cb6a5f4069b9cabd4be,src/contrib/bookkeeper/src/java/org/apache/bookkeeper/proto/NIOServerFactory.java,1
ff99f7a2aa80cd09f1048cb6a5f4069b9cabd4be,src/contrib/bookkeeper/src/java/org/apache/bookkeeper/util/ClientBase.java,1
ff99f7a2aa80cd09f1048cb6a5f4069b9cabd4be,src/contrib/bookkeeper/src/java/org/apache/bookkeeper/client/LedgerRecoveryMonitor.java,1
ff99f7a2aa80cd09f1048cb6a5f4069b9cabd4be,src/contrib/bookkeeper/benchmark/org/apache/bookkeeper/benchmark/TestClient.java,1
ff99f7a2aa80cd09f1048cb6a5f4069b9cabd4be,src/contrib/bookkeeper/src/java/org/apache/bookkeeper/client/BookieHandle.java,1
ff99f7a2aa80cd09f1048cb6a5f4069b9cabd4be,src/contrib/bookkeeper/src/java/org/apache/bookkeeper/client/LedgerHandle.java,1
ff99f7a2aa80cd09f1048cb6a5f4069b9cabd4be,src/contrib/bookkeeper/src/java/org/apache/bookkeeper/proto/BookieClient.java,1
e27905a3b73f1ff9b409bb27bcf3fab240881a83,src/java/main/org/apache/zookeeper/client/ZooKeeperSaslClient.java,1
c63dcfa0eb779bb9b4b43f7f8d98fb6c68d100f4,src/java/test/org/apache/zookeeper/test/QuorumTest.java,1
c63dcfa0eb779bb9b4b43f7f8d98fb6c68d100f4,src/java/main/org/apache/zookeeper/server/quorum/SendAckRequestProcessor.java,1
54b2e4215da1c521695d357c5fff9411d66ee1e2,src/contrib/bookkeeper/src/java/org/apache/bookkeeper/client/LedgerHandle.java,1
54b2e4215da1c521695d357c5fff9411d66ee1e2,src/contrib/bookkeeper/test/org/apache/bookkeeper/test/BookieReadWriteTest.java,1
ac38b89efb56c9ff8d99619d18930213528693d8,src/java/main/org/apache/zookeeper/server/quorum/LeaderElection.java,1
ac38b89efb56c9ff8d99619d18930213528693d8,src/java/test/org/apache/zookeeper/test/LENonTerminateTest.java,1
0eb8b1107d2d9754357e640fe5b4cedff5e7d573,src/java/main/org/apache/zookeeper/ZooKeeper.java,1
f1b3eb35d2360e00f1eecdcd757e2984b05fba8e,src/java/main/org/apache/zookeeper/ZooKeeper.java,1
f1b3eb35d2360e00f1eecdcd757e2984b05fba8e,src/java/test/org/apache/zookeeper/test/ClientTest.java,1
f1b3eb35d2360e00f1eecdcd757e2984b05fba8e,src/java/main/org/apache/zookeeper/ClientCnxn.java,1
f1a095f93b2ec4c4d3073c43cc05aebab7661b99,src/java/test/org/apache/zookeeper/RemoveWatchesTest.java,1
eed4932e3ba79439a0fd6b41336215116a1e2cd0,src/java/main/org/apache/zookeeper/ClientCnxn.java,1
eed4932e3ba79439a0fd6b41336215116a1e2cd0,src/java/main/org/apache/zookeeper/server/quorum/SendAckRequestProcessor.java,1
eed4932e3ba79439a0fd6b41336215116a1e2cd0,src/java/main/org/apache/zookeeper/server/SessionTrackerImpl.java,1
eed4932e3ba79439a0fd6b41336215116a1e2cd0,src/java/main/org/apache/zookeeper/server/PrepRequestProcessor.java,1
eed4932e3ba79439a0fd6b41336215116a1e2cd0,src/java/main/org/apache/zookeeper/server/quorum/LearnerHandler.java,1
eed4932e3ba79439a0fd6b41336215116a1e2cd0,src/java/main/org/apache/zookeeper/server/quorum/QuorumCnxManager.java,1
eed4932e3ba79439a0fd6b41336215116a1e2cd0,src/java/main/org/apache/zookeeper/server/quorum/Leader.java,1
eed4932e3ba79439a0fd6b41336215116a1e2cd0,src/java/main/org/apache/zookeeper/server/NIOServerCnxn.java,1
eed4932e3ba79439a0fd6b41336215116a1e2cd0,src/java/main/org/apache/zookeeper/server/ZooKeeperServer.java,1
eed4932e3ba79439a0fd6b41336215116a1e2cd0,src/java/main/org/apache/zookeeper/server/DataTree.java,1
9b6806611014ca0199d641960285e17149d8309d,src/java/test/org/apache/zookeeper/test/FLETest.java,1
9b6806611014ca0199d641960285e17149d8309d,src/java/main/org/apache/zookeeper/server/quorum/QuorumPeer.java,1
9b6806611014ca0199d641960285e17149d8309d,src/java/main/org/apache/zookeeper/server/quorum/FastLeaderElection.java,1
9b6806611014ca0199d641960285e17149d8309d,src/java/main/org/apache/zookeeper/server/quorum/QuorumCnxManager.java,1
300a7e41201174f72e5a57bd0def69943923d8a6,src/java/main/org/apache/zookeeper/server/persistence/FileTxnSnapLog.java,1
300a7e41201174f72e5a57bd0def69943923d8a6,src/java/test/org/apache/zookeeper/test/LoadFromLogTest.java,1
e4dfc72b66a090629f708a82964f5298df49cc43,src/java/main/org/apache/zookeeper/jmx/MBeanRegistry.java,1
a4bdd39f5e35bb992bfc35cfc470094138af77b0,src/java/main/org/apache/zookeeper/server/PrepRequestProcessor.java,1
a4bdd39f5e35bb992bfc35cfc470094138af77b0,src/java/test/org/apache/zookeeper/test/ClientTest.java,1
a4bdd39f5e35bb992bfc35cfc470094138af77b0,src/java/main/org/apache/zookeeper/server/DataNode.java,1
a4bdd39f5e35bb992bfc35cfc470094138af77b0,src/java/main/org/apache/zookeeper/ZooKeeper.java,1
a4bdd39f5e35bb992bfc35cfc470094138af77b0,src/java/test/org/apache/zookeeper/test/SledgeHammer.java,1
a4bdd39f5e35bb992bfc35cfc470094138af77b0,src/java/main/org/apache/zookeeper/server/FinalRequestProcessor.java,1
ef5ee24a4dc2ab6397b0970ecf40060f0cc14f18,src/java/main/org/apache/zookeeper/server/quorum/QuorumPeer.java,1
1a486f020f2a9c5212dc0954710066c4695c17eb,src/java/main/org/apache/zookeeper/server/persistence/Util.java,1
1a486f020f2a9c5212dc0954710066c4695c17eb,src/java/jmx/org/apache/zookeeper/server/quorum/ManagedQuorumPeer.java,1
1a486f020f2a9c5212dc0954710066c4695c17eb,src/java/main/org/apache/zookeeper/server/quorum/LearnerHandler.java,1
1a486f020f2a9c5212dc0954710066c4695c17eb,src/java/main/org/apache/zookeeper/server/persistence/FileSnap.java,1
1a486f020f2a9c5212dc0954710066c4695c17eb,src/java/test/org/apache/zookeeper/server/DataTreeUnitTest.java,1
1a486f020f2a9c5212dc0954710066c4695c17eb,src/java/main/org/apache/zookeeper/server/quorum/FollowerZooKeeperServer.java,1
1a486f020f2a9c5212dc0954710066c4695c17eb,src/java/main/org/apache/zookeeper/server/SyncRequestProcessor.java,1
1a486f020f2a9c5212dc0954710066c4695c17eb,src/java/main/org/apache/zookeeper/server/ZooKeeperServerMain.java,1
1a486f020f2a9c5212dc0954710066c4695c17eb,src/java/main/org/apache/zookeeper/server/persistence/TxnLog.java,1
1a486f020f2a9c5212dc0954710066c4695c17eb,src/java/main/org/apache/zookeeper/server/PurgeTxnLog.java,1
1a486f020f2a9c5212dc0954710066c4695c17eb,src/java/main/org/apache/zookeeper/server/persistence/FileTxnSnapLog.java,1
1a486f020f2a9c5212dc0954710066c4695c17eb,src/java/jmx/org/apache/zookeeper/server/quorum/ObservableQuorumPeer.java,1
1a486f020f2a9c5212dc0954710066c4695c17eb,src/java/main/org/apache/zookeeper/server/quorum/LeaderZooKeeperServer.java,1
1a486f020f2a9c5212dc0954710066c4695c17eb,src/java/main/org/apache/zookeeper/server/persistence/FileTxnLog.java,1
1a486f020f2a9c5212dc0954710066c4695c17eb,src/java/main/org/apache/zookeeper/server/quorum/QuorumPeer.java,1
1a486f020f2a9c5212dc0954710066c4695c17eb,src/java/main/org/apache/zookeeper/server/util/SerializeUtils.java,1
1a486f020f2a9c5212dc0954710066c4695c17eb,src/java/main/org/apache/zookeeper/server/ZooKeeperServer.java,1
1a486f020f2a9c5212dc0954710066c4695c17eb,src/java/main/org/apache/zookeeper/server/FinalRequestProcessor.java,1
5586929976755fb8f328d0f6c903ec22a005682a,src/java/test/org/apache/zookeeper/test/PurgeTxnTest.java,1
5586929976755fb8f328d0f6c903ec22a005682a,src/java/main/org/apache/zookeeper/server/persistence/FileSnap.java,1
5586929976755fb8f328d0f6c903ec22a005682a,src/java/main/org/apache/zookeeper/server/PurgeTxnLog.java,1
22dc317f247bf424e85edf02960e43ccf4cba164,src/java/main/org/apache/zookeeper/server/PrepRequestProcessor.java,1
22dc317f247bf424e85edf02960e43ccf4cba164,src/java/main/org/apache/zookeeper/server/quorum/LearnerHandler.java,1
22dc317f247bf424e85edf02960e43ccf4cba164,src/java/test/org/apache/zookeeper/test/FollowerResyncConcurrencyTest.java,1
22dc317f247bf424e85edf02960e43ccf4cba164,src/java/main/org/apache/zookeeper/server/ZKDatabase.java,1
22dc317f247bf424e85edf02960e43ccf4cba164,src/java/main/org/apache/zookeeper/server/ZooKeeperServer.java,1
22dc317f247bf424e85edf02960e43ccf4cba164,src/java/main/org/apache/zookeeper/server/DataTree.java,1
a386f2779b5a5fb70a58be00873311357207da58,src/java/test/org/apache/zookeeper/server/ZooKeeperServerMainTest.java,1
3479c68885ba2b1ee200cae2f697440f7e8e79f2,src/java/test/org/apache/zookeeper/server/quorum/Zab1_0Test.java,1
3479c68885ba2b1ee200cae2f697440f7e8e79f2,src/java/main/org/apache/zookeeper/server/quorum/Learner.java,1
3479c68885ba2b1ee200cae2f697440f7e8e79f2,src/java/main/org/apache/zookeeper/server/quorum/Leader.java,1
e31f78ce7a5340c02fa5c47dc8f08253ac8f1e19,src/java/test/org/apache/zookeeper/server/quorum/Zab1_0Test.java,1
e31f78ce7a5340c02fa5c47dc8f08253ac8f1e19,src/java/main/org/apache/zookeeper/server/quorum/Leader.java,1
cf335c0db052ba49cbeebba06a1a060a92da6314,src/java/main/org/apache/zookeeper/ClientCnxn.java,1
36822d0f51f6e0ae96acde683948683cbda33949,src/java/main/org/apache/zookeeper/ZooKeeper.java,1
80f83769249add3177392c30961606df835070cd,src/java/main/org/apache/zookeeper/server/PrepRequestProcessor.java,1
708940974974a8359ee1166bc51692fd17618fb5,src/java/main/org/apache/zookeeper/server/quorum/FastLeaderElection.java,1
03d2740d36b89627405026d6e818fe41ee4a9efa,src/java/main/org/apache/zookeeper/ClientCnxn.java,1
825379961eeb1d5350db75d9cc21888375d52ab3,src/java/main/org/apache/zookeeper/server/LogFormatter.java,1
d4600e3b8ff7c6e1dc1dbe3da18c740055049a09,src/java/main/org/apache/zookeeper/KeeperException.java,1
d4600e3b8ff7c6e1dc1dbe3da18c740055049a09,src/java/main/org/apache/zookeeper/server/PrepRequestProcessor.java,1
4426f7f3ba2342d58265578d75a04eb4c8c195be,src/contrib/zooinspector/src/java/org/apache/zookeeper/inspector/gui/nodeviewer/NodeViewerData.java,1
4426f7f3ba2342d58265578d75a04eb4c8c195be,src/contrib/zooinspector/src/java/org/apache/zookeeper/inspector/manager/ZooInspectorManagerImpl.java,1
b199536a1ed80e354ea33b635d27a0884d86400b,src/java/test/org/apache/zookeeper/server/quorum/ReconfigFailureCases.java,1
ef6fc43037a743c453501594ae8222179b9df2a5,src/contrib/bookkeeper/test/org/apache/bookkeeper/test/AsyncLedgerOpsTest.java,1
eba45778eeb5c9800656ca71dc7b57e3fcccd261,src/java/test/org/apache/zookeeper/test/SessionTest.java,1
4d65d520727f1d5dd1148ab0ee2fc125efeb465c,src/java/main/org/apache/zookeeper/CreateMode.java,1
4d65d520727f1d5dd1148ab0ee2fc125efeb465c,src/java/test/org/apache/zookeeper/test/ClientTest.java,1
4d65d520727f1d5dd1148ab0ee2fc125efeb465c,src/java/main/org/apache/zookeeper/server/PrepRequestProcessor.java,1
e59138596ad737b6d5fce8b58ec527ca09cdb838,src/java/main/org/apache/zookeeper/ClientCnxn.java,1
e59138596ad737b6d5fce8b58ec527ca09cdb838,src/java/test/org/apache/zookeeper/test/SessionTest.java,1
e59138596ad737b6d5fce8b58ec527ca09cdb838,src/java/test/org/apache/zookeeper/test/ClientTest.java,1
e59138596ad737b6d5fce8b58ec527ca09cdb838,src/java/test/org/apache/zookeeper/test/ClientBase.java,1
e59138596ad737b6d5fce8b58ec527ca09cdb838,src/java/test/org/apache/zookeeper/test/QuorumTest.java,1
e59138596ad737b6d5fce8b58ec527ca09cdb838,src/java/main/org/apache/zookeeper/ZooKeeper.java,1
0a9564a5e8048f041102d46c68416e64a4aca592,src/java/test/org/apache/zookeeper/test/FollowerResyncConcurrencyTest.java,1
0a9564a5e8048f041102d46c68416e64a4aca592,src/java/main/org/apache/zookeeper/server/quorum/Learner.java,1
0a9564a5e8048f041102d46c68416e64a4aca592,src/java/main/org/apache/zookeeper/server/quorum/LearnerHandler.java,1
0a9564a5e8048f041102d46c68416e64a4aca592,src/java/main/org/apache/zookeeper/server/quorum/CommitProcessor.java,1
f1997278c591e3bb61dd018f0a83f989598fe2b4,src/java/main/org/apache/zookeeper/server/quorum/QuorumCnxManager.java,1
283fd1886bab41850ceea3a7da3d41c248996619,src/java/test/org/apache/zookeeper/test/StandaloneTest.java,1
283fd1886bab41850ceea3a7da3d41c248996619,src/java/main/org/apache/zookeeper/server/quorum/QuorumPeerConfig.java,1
878522f6c8d285aca069dcc67b7484b5ec606e64,src/java/main/org/apache/zookeeper/server/quorum/QuorumPeer.java,1
49d84fb07ca79b7c4bc898961a7a90450b77f2f8,src/java/main/org/apache/zookeeper/server/quorum/Leader.java,1
49d84fb07ca79b7c4bc898961a7a90450b77f2f8,src/java/test/org/apache/zookeeper/server/quorum/Zab1_0Test.java,1
68fe08a80e0896967d536f87fffb0b7f89846b73,src/java/test/org/apache/zookeeper/RemoveWatchesTest.java,1
9efec37d0b53a77b8f38e400f20c618cd3163471,src/java/main/org/apache/zookeeper/client/StaticHostProvider.java,1
9efec37d0b53a77b8f38e400f20c618cd3163471,src/java/test/org/apache/zookeeper/test/StaticHostProviderTest.java,1
8f8f489af4b4be63d08d8f242eba1ce223833f62,src/java/test/org/apache/zookeeper/test/SyncCallTest.java,1
2e1c1954fcaa583df8ae5f38fc2de67f10ee541e,src/java/main/org/apache/zookeeper/server/quorum/FastLeaderElection.java,1
2e1c1954fcaa583df8ae5f38fc2de67f10ee541e,src/java/main/org/apache/zookeeper/server/quorum/QuorumCnxManager.java,1
acdac049aea315f5bd556a4ace478bb87239ced2,src/java/main/org/apache/zookeeper/server/SyncRequestProcessor.java,1
acdac049aea315f5bd556a4ace478bb87239ced2,src/java/test/org/apache/zookeeper/test/DBSizeTest.java,1
f6cbde1aeaf1b256e79346e46eabdc970637b48a,src/java/main/org/apache/zookeeper/ClientCnxn.java,1
ed697460c5ee688d66540be7095bcd78bab927c8,src/java/main/org/apache/zookeeper/server/NettyServerCnxnFactory.java,1
ed697460c5ee688d66540be7095bcd78bab927c8,src/java/main/org/apache/zookeeper/server/NIOServerCnxnFactory.java,1
ed697460c5ee688d66540be7095bcd78bab927c8,src/java/test/org/apache/zookeeper/test/SessionTest.java,1
ed697460c5ee688d66540be7095bcd78bab927c8,src/java/test/org/apache/zookeeper/test/TruncateTest.java,1
ed697460c5ee688d66540be7095bcd78bab927c8,src/java/main/org/apache/zookeeper/server/quorum/Learner.java,1
ed697460c5ee688d66540be7095bcd78bab927c8,src/java/main/org/apache/zookeeper/server/ServerCnxn.java,1
ed697460c5ee688d66540be7095bcd78bab927c8,src/java/main/org/apache/zookeeper/server/quorum/Follower.java,1
ed697460c5ee688d66540be7095bcd78bab927c8,src/java/test/org/apache/zookeeper/test/ClientBase.java,1
ed697460c5ee688d66540be7095bcd78bab927c8,src/java/test/org/apache/zookeeper/test/PurgeTxnTest.java,1
ed697460c5ee688d66540be7095bcd78bab927c8,src/java/main/org/apache/zookeeper/server/NIOServerCnxn.java,1
ed697460c5ee688d66540be7095bcd78bab927c8,src/java/test/org/apache/zookeeper/test/QuorumTest.java,1
ed697460c5ee688d66540be7095bcd78bab927c8,src/java/main/org/apache/zookeeper/server/quorum/QuorumPeer.java,1
ed697460c5ee688d66540be7095bcd78bab927c8,src/java/main/org/apache/zookeeper/server/NettyServerCnxn.java,1
ed697460c5ee688d66540be7095bcd78bab927c8,src/java/test/org/apache/zookeeper/server/InvalidSnapshotTest.java,1
ed697460c5ee688d66540be7095bcd78bab927c8,src/java/main/org/apache/zookeeper/server/ZooKeeperServer.java,1
ed697460c5ee688d66540be7095bcd78bab927c8,src/java/main/org/apache/zookeeper/server/FinalRequestProcessor.java,1
a3f4f53b86a28e6d0f262a496b1e75e7ed1ff459,src/java/main/org/apache/zookeeper/server/DataTree.java,1
980066c4e47e3a93c2a9ff27b8350716e08d61b8,src/java/main/org/apache/zookeeper/jmx/ManagedUtil.java,1
26228bc13b29807a41bc5c534972b2e853ce3e3e,src/java/test/org/apache/zookeeper/server/quorum/QuorumPeerMainTest.java,1
26228bc13b29807a41bc5c534972b2e853ce3e3e,src/java/main/org/apache/zookeeper/server/quorum/QuorumCnxManager.java,1
2e867bf9f04ac203feb62f80e94dda5a25cafdee,src/java/main/org/apache/zookeeper/server/auth/HostAuthenticationProvider.java,1
2e867bf9f04ac203feb62f80e94dda5a25cafdee,src/java/test/org/apache/zookeeper/test/DataTreeTest.java,1
04dfe697516dd9823b00693b22a48be288e8ca87,src/recipes/queue/test/org/apache/zookeeper/recipes/queue/DistributedQueueTest.java,1
fcb953e57d5bde313caf91a4a235e19650dbc5f8,src/java/main/org/apache/zookeeper/server/quorum/QuorumPeer.java,1
603fa3c601ab3ca21f41794f0c81554f858c1431,src/java/main/org/apache/zookeeper/server/PrepRequestProcessor.java,1
3e13694e498dfa2debecf403c06592acb493ff24,src/java/test/org/apache/zookeeper/test/CnxManagerTest.java,1
3e13694e498dfa2debecf403c06592acb493ff24,src/java/main/org/apache/zookeeper/server/quorum/QuorumCnxManager.java,1
0b04c0adb5164241467f4524e58cb99b30c1a0cc,src/java/main/org/apache/zookeeper/ClientCnxn.java,1
5f83aaa8f2d990d2666d8ff2d661b6d3248e56be,src/java/test/org/apache/zookeeper/test/ReadOnlyModeTest.java,1
ffa183d1fb3b6ee36159cc692751142cad2ed29a,src/java/main/org/apache/zookeeper/ClientCnxn.java,1
173ed418fe8e1bcbc6cc480b08ece16492627c09,src/java/main/org/apache/zookeeper/server/quorum/QuorumPeer.java,1
6618d45d211ddc959a92b9e16242205b01c8f822,src/java/main/org/apache/zookeeper/server/ServerCnxn.java,1
6618d45d211ddc959a92b9e16242205b01c8f822,src/java/main/org/apache/zookeeper/server/NIOServerCnxn.java,1
6548052f872270243f68e7ccf68da3cf119729cb,src/contrib/bookkeeper/test/org/apache/bookkeeper/test/BookieRecoveryTest.java,1
2e15baa36c56e0896f92e06daa38d6333db67382,src/java/main/org/apache/zookeeper/client/StaticHostProvider.java,1
2e15baa36c56e0896f92e06daa38d6333db67382,src/java/test/org/apache/zookeeper/test/StaticHostProviderTest.java,1
ffa37ba55ae2408ab0d4b1ccd7b0746cd79f203c,src/java/test/org/apache/zookeeper/test/AuthTest.java,1
3050b6e7c1ea1ce3f47c533b22b8825e5bf5c65b,src/java/main/org/apache/zookeeper/server/quorum/QuorumPeerConfig.java,1
acf732eafbe0e64a0259418cc82bb3448c2f626c,src/java/main/org/apache/zookeeper/client/FourLetterWordMain.java,1
5dded7494aac17bd7026c0e37c61ac5c53ec73ec,src/java/main/org/apache/zookeeper/ZooKeeper.java,1
5dded7494aac17bd7026c0e37c61ac5c53ec73ec,src/java/test/org/apache/zookeeper/test/ClientTest.java,1
5dded7494aac17bd7026c0e37c61ac5c53ec73ec,src/java/main/org/apache/zookeeper/KeeperException.java,1
5dded7494aac17bd7026c0e37c61ac5c53ec73ec,src/java/main/org/apache/zookeeper/server/auth/HostAuthenticationProvider.java,1
5dded7494aac17bd7026c0e37c61ac5c53ec73ec,src/java/main/org/apache/zookeeper/server/FinalRequestProcessor.java,1
55dca8285f4d6fe4366c4d8916111b10c34a8cba,src/java/main/org/apache/zookeeper/server/persistence/FileTxnSnapLog.java,1
55dca8285f4d6fe4366c4d8916111b10c34a8cba,src/java/main/org/apache/zookeeper/server/DataTree.java,1
55dca8285f4d6fe4366c4d8916111b10c34a8cba,src/java/test/org/apache/zookeeper/test/LoadFromLogTest.java,1
7f6d4c7041a816d564ae58eba72baaba75c47fc7,src/java/test/org/apache/zookeeper/ZooKeeperTest.java,1
b7f30ca2ee4b46d496b2756261229a4b0da13a2f,src/java/main/org/apache/zookeeper/server/quorum/ObserverRequestProcessor.java,1
b7f30ca2ee4b46d496b2756261229a4b0da13a2f,src/java/test/org/apache/zookeeper/test/HierarchicalQuorumTest.java,1
b7f30ca2ee4b46d496b2756261229a4b0da13a2f,src/java/test/org/apache/zookeeper/test/ObserverTest.java,1
b7f30ca2ee4b46d496b2756261229a4b0da13a2f,src/java/main/org/apache/zookeeper/server/quorum/QuorumCnxManager.java,1
b7f30ca2ee4b46d496b2756261229a4b0da13a2f,src/java/test/org/apache/zookeeper/server/quorum/QuorumPeerTestBase.java,1
b7f30ca2ee4b46d496b2756261229a4b0da13a2f,src/java/main/org/apache/zookeeper/server/quorum/Leader.java,1
b7f30ca2ee4b46d496b2756261229a4b0da13a2f,src/java/test/org/apache/zookeeper/server/quorum/QuorumPeerMainTest.java,1
b7f30ca2ee4b46d496b2756261229a4b0da13a2f,src/java/main/org/apache/zookeeper/server/quorum/QuorumPeerMain.java,1
b7f30ca2ee4b46d496b2756261229a4b0da13a2f,src/java/test/org/apache/zookeeper/test/AsyncHammerTest.java,1
b7f30ca2ee4b46d496b2756261229a4b0da13a2f,src/java/main/org/apache/zookeeper/server/quorum/ObserverZooKeeperServer.java,1
b7f30ca2ee4b46d496b2756261229a4b0da13a2f,src/java/test/org/apache/zookeeper/test/QuorumBase.java,1
b7f30ca2ee4b46d496b2756261229a4b0da13a2f,src/java/main/org/apache/zookeeper/server/quorum/Observer.java,1
b7f30ca2ee4b46d496b2756261229a4b0da13a2f,src/java/main/org/apache/zookeeper/server/quorum/QuorumPeer.java,1
b7f30ca2ee4b46d496b2756261229a4b0da13a2f,src/java/main/org/apache/zookeeper/server/quorum/LeaderElection.java,1
b7f30ca2ee4b46d496b2756261229a4b0da13a2f,src/java/test/org/apache/zookeeper/server/quorum/ObserverTest.java,1
b7f30ca2ee4b46d496b2756261229a4b0da13a2f,src/java/test/org/apache/zookeeper/test/ObserverHierarchicalQuorumTest.java,1
75d9ab19407de2a23acdb4e328553250ef8dba74,src/java/main/org/apache/zookeeper/ClientCnxn.java,1
d7b7042543daa4f6b6d9f5c80911573b07ad297a,src/java/main/org/apache/zookeeper/server/quorum/flexible/QuorumHierarchical.java,1
d7b7042543daa4f6b6d9f5c80911573b07ad297a,src/java/test/org/apache/zookeeper/server/quorum/QuorumPeerTestBase.java,1
d7b7042543daa4f6b6d9f5c80911573b07ad297a,src/java/test/org/apache/zookeeper/test/StandaloneTest.java,1
d7b7042543daa4f6b6d9f5c80911573b07ad297a,src/java/test/org/apache/zookeeper/test/QuorumBase.java,1
d7b7042543daa4f6b6d9f5c80911573b07ad297a,src/java/main/org/apache/zookeeper/server/quorum/QuorumPeerConfig.java,1
d7b7042543daa4f6b6d9f5c80911573b07ad297a,src/java/test/org/apache/zookeeper/test/FLETest.java,1
d7b7042543daa4f6b6d9f5c80911573b07ad297a,src/java/main/org/apache/zookeeper/server/quorum/QuorumPeer.java,1
5a5a0bebfa7d83ea0474a5731be9ef8cb1766a01,src/java/main/org/apache/zookeeper/server/quorum/Learner.java,1
5a5a0bebfa7d83ea0474a5731be9ef8cb1766a01,src/java/test/org/apache/zookeeper/server/quorum/Zab1_0Test.java,1
b6f5e3464e2fcf6161527f1a797a8177cd4a35ab,src/java/main/org/apache/zookeeper/server/PrepRequestProcessor.java,1
5f0b5e4b73e233cccc5d4ad463afcb147b149529,src/java/main/org/apache/zookeeper/server/quorum/QuorumPeerConfig.java,1
bc5449b657de220a097bbe0ace3ede22ec52bfa5,src/java/main/org/apache/zookeeper/server/PrepRequestProcessor.java,1
65acecb593d8726d680e5983949948af86bd4ad8,src/java/test/org/apache/zookeeper/test/ClientTest.java,1
65acecb593d8726d680e5983949948af86bd4ad8,src/java/main/org/apache/zookeeper/ClientCnxn.java,1
3266098414376df16a0d017f37002937ceef4d19,src/java/main/org/apache/zookeeper/server/quorum/LearnerHandler.java,1
3266098414376df16a0d017f37002937ceef4d19,src/java/main/org/apache/zookeeper/server/quorum/LeaderBean.java,1
3266098414376df16a0d017f37002937ceef4d19,src/java/main/org/apache/zookeeper/server/quorum/Learner.java,1
3266098414376df16a0d017f37002937ceef4d19,src/java/main/org/apache/zookeeper/server/quorum/Leader.java,1
3266098414376df16a0d017f37002937ceef4d19,src/java/main/org/apache/zookeeper/server/quorum/Follower.java,1
3266098414376df16a0d017f37002937ceef4d19,src/java/test/org/apache/zookeeper/test/QuorumTest.java,1
3266098414376df16a0d017f37002937ceef4d19,src/java/main/org/apache/zookeeper/server/quorum/QuorumPeer.java,1
3266098414376df16a0d017f37002937ceef4d19,src/java/main/org/apache/zookeeper/server/quorum/LearnerZooKeeperServer.java,1
c1bf69f6f75feb3ccb8dce197a229861e142a27d,src/java/main/org/apache/zookeeper/ZooKeeper.java,1
c1bf69f6f75feb3ccb8dce197a229861e142a27d,src/java/test/org/apache/zookeeper/test/SessionTest.java,1
c1bf69f6f75feb3ccb8dce197a229861e142a27d,src/java/main/org/apache/zookeeper/ClientCnxn.java,1
efbd73744a0226fe2709fa715135ae0b76d9f22c,src/java/test/org/apache/zookeeper/server/NettyServerCnxnTest.java,1
426778e9d645beec699fc79b2f0fdf8c23053ecd,src/java/main/org/apache/zookeeper/ClientCnxnSocket.java,1
426778e9d645beec699fc79b2f0fdf8c23053ecd,src/java/main/org/apache/zookeeper/ClientCnxn.java,1
426778e9d645beec699fc79b2f0fdf8c23053ecd,src/java/main/org/apache/zookeeper/ClientCnxnSocketNIO.java,1
746d171ed3784f7024466fc1d0c9723387a29a10,src/java/jmx/org/apache/zookeeper/server/quorum/ManagedQuorumPeer.java,1
746d171ed3784f7024466fc1d0c9723387a29a10,src/java/jmx/org/apache/zookeeper/server/quorum/ObservableQuorumPeer.java,1
746d171ed3784f7024466fc1d0c9723387a29a10,src/java/main/org/apache/zookeeper/server/quorum/RemotePeerBean.java,1
746d171ed3784f7024466fc1d0c9723387a29a10,src/java/main/org/apache/zookeeper/jmx/MBeanRegistry.java,1
746d171ed3784f7024466fc1d0c9723387a29a10,src/java/main/org/apache/zookeeper/server/ConnectionBean.java,1
470f756ff1d98b6c101e3ff929b692d382c08bb6,src/java/main/org/apache/zookeeper/server/ConnectionBean.java,1
470f756ff1d98b6c101e3ff929b692d382c08bb6,src/java/test/org/apache/zookeeper/test/ClientBase.java,1
470f756ff1d98b6c101e3ff929b692d382c08bb6,src/java/test/org/apache/zookeeper/test/FourLetterWordsTest.java,1
470f756ff1d98b6c101e3ff929b692d382c08bb6,src/java/main/org/apache/zookeeper/server/FinalRequestProcessor.java,1
470f756ff1d98b6c101e3ff929b692d382c08bb6,src/java/main/org/apache/zookeeper/server/NIOServerCnxn.java,1
65e615a440d717a4949ce0b5fb800c7f7a70240b,src/java/main/org/apache/zookeeper/client/StaticHostProvider.java,1
65e615a440d717a4949ce0b5fb800c7f7a70240b,src/java/test/org/apache/zookeeper/test/StaticHostProviderTest.java,1
06676599e1276e7e32fe8ae645fa4968a96d81ab,src/java/main/org/apache/zookeeper/client/ZooKeeperSaslClient.java,1
06676599e1276e7e32fe8ae645fa4968a96d81ab,src/java/main/org/apache/zookeeper/ClientCnxn.java,1
14dc053a8be26f0222177e2fb0545ef4bef431c2,src/java/test/org/apache/zookeeper/test/ZkDatabaseCorruptionTest.java,1
14dc053a8be26f0222177e2fb0545ef4bef431c2,src/java/test/org/apache/zookeeper/server/quorum/QuorumPeerTestBase.java,1
d7dfa3ed5e11795dab48649969f127f28bf76a5f,src/java/main/org/apache/zookeeper/server/quorum/QuorumPeerConfig.java,1
c790ad99986747acaaad5f1570474ddcc542aaea,src/java/test/org/apache/zookeeper/test/JMXEnv.java,1
52503165fa8f1496709d8bee12125ce71cdd465e,src/java/test/org/apache/zookeeper/test/FLENewEpochTest.java,1
047d9258a4730791b85cc81b0e1435465a32acbf,src/java/main/org/apache/zookeeper/server/SessionTracker.java,1
047d9258a4730791b85cc81b0e1435465a32acbf,src/java/main/org/apache/zookeeper/server/auth/IPAuthenticationProvider.java,1
047d9258a4730791b85cc81b0e1435465a32acbf,src/java/main/org/apache/zookeeper/server/RequestProcessor.java,1
047d9258a4730791b85cc81b0e1435465a32acbf,src/java/main/org/apache/zookeeper/server/SessionTrackerImpl.java,1
047d9258a4730791b85cc81b0e1435465a32acbf,src/java/main/org/apache/zookeeper/server/quorum/FollowerZooKeeperServer.java,1
047d9258a4730791b85cc81b0e1435465a32acbf,src/java/main/org/apache/jute/BinaryInputArchive.java,1
047d9258a4730791b85cc81b0e1435465a32acbf,src/java/main/org/apache/zookeeper/server/quorum/FollowerSessionTracker.java,1
047d9258a4730791b85cc81b0e1435465a32acbf,src/java/main/org/apache/zookeeper/server/LogFormatter.java,1
047d9258a4730791b85cc81b0e1435465a32acbf,src/java/main/org/apache/jute/compiler/JRecord.java,1
047d9258a4730791b85cc81b0e1435465a32acbf,src/java/main/org/apache/jute/Utils.java,1
047d9258a4730791b85cc81b0e1435465a32acbf,src/java/main/org/apache/zookeeper/server/DataNode.java,1
047d9258a4730791b85cc81b0e1435465a32acbf,src/java/main/org/apache/zookeeper/server/quorum/Leader.java,1
047d9258a4730791b85cc81b0e1435465a32acbf,src/java/main/org/apache/zookeeper/server/ServerCnxn.java,1
047d9258a4730791b85cc81b0e1435465a32acbf,src/java/main/org/apache/zookeeper/server/auth/HostAuthenticationProvider.java,1
047d9258a4730791b85cc81b0e1435465a32acbf,src/java/main/org/apache/zookeeper/server/quorum/LeaderZooKeeperServer.java,1
047d9258a4730791b85cc81b0e1435465a32acbf,src/java/main/org/apache/zookeeper/server/ByteBufferInputStream.java,1
047d9258a4730791b85cc81b0e1435465a32acbf,src/java/main/org/apache/zookeeper/ZooDefs.java,1
047d9258a4730791b85cc81b0e1435465a32acbf,src/java/main/org/apache/zookeeper/server/Request.java,1
047d9258a4730791b85cc81b0e1435465a32acbf,src/java/main/org/apache/zookeeper/server/DataTree.java,1
047d9258a4730791b85cc81b0e1435465a32acbf,src/java/main/org/apache/zookeeper/KeeperException.java,1
ee44a7f8652f65abe78e6743f061141a08f25d97,src/java/main/org/apache/jute/BinaryInputArchive.java,1
bc47eeb2c7b3cc10a967115f44c8baf2e56e1bb3,src/java/main/org/apache/zookeeper/ClientCnxn.java,1
bc47eeb2c7b3cc10a967115f44c8baf2e56e1bb3,src/java/test/org/apache/zookeeper/test/HierarchicalQuorumTest.java,1
bc47eeb2c7b3cc10a967115f44c8baf2e56e1bb3,src/java/test/org/apache/zookeeper/test/SessionTest.java,1
bc47eeb2c7b3cc10a967115f44c8baf2e56e1bb3,src/java/test/org/apache/zookeeper/server/DataTreeUnitTest.java,1
bc47eeb2c7b3cc10a967115f44c8baf2e56e1bb3,src/java/test/org/apache/zookeeper/test/ClientRetry.java,1
bc47eeb2c7b3cc10a967115f44c8baf2e56e1bb3,src/java/test/org/apache/zookeeper/test/ClientBase.java,1
bc47eeb2c7b3cc10a967115f44c8baf2e56e1bb3,src/java/test/org/apache/zookeeper/test/QuorumBase.java,1
bc47eeb2c7b3cc10a967115f44c8baf2e56e1bb3,src/java/test/org/apache/zookeeper/test/PurgeTxnTest.java,1
bc47eeb2c7b3cc10a967115f44c8baf2e56e1bb3,src/java/test/org/apache/zookeeper/test/DataTreeTest.java,1
bc47eeb2c7b3cc10a967115f44c8baf2e56e1bb3,src/java/main/org/apache/zookeeper/server/NIOServerCnxn.java,1
bc47eeb2c7b3cc10a967115f44c8baf2e56e1bb3,src/java/test/org/apache/zookeeper/test/FLETest.java,1
bc47eeb2c7b3cc10a967115f44c8baf2e56e1bb3,src/java/test/org/apache/zookeeper/server/InvalidSnapshotTest.java,1
089082cf5ffcbebaa09a1107f6e003ad92b5aab0,src/java/test/org/apache/zookeeper/test/FLETest.java,1
66bd0584b75a8a6ff3ad629187ab3d0cddbb1d01,src/java/main/org/apache/zookeeper/server/quorum/QuorumPeerConfig.java,1
0031e59ed0db229603399bda95f453b1f3cbb4eb,src/java/main/org/apache/zookeeper/ZooKeeper.java,1
0031e59ed0db229603399bda95f453b1f3cbb4eb,src/java/main/org/apache/zookeeper/ClientCnxn.java,1
0904ae75cf68d58be12261e6dcf2251302745363,src/java/test/org/apache/zookeeper/server/quorum/QuorumPeerTestBase.java,1
ade21bd650b7ad4a591805620a6041436fca6e72,src/java/main/org/apache/zookeeper/server/SessionTrackerImpl.java,1
bd75e81ce6baf164284bc409f7a68ed36a6bd0ef,src/java/main/org/apache/zookeeper/ClientCnxn.java,1
835d03ebb81b319944153aca7033410e2d1f8653,src/java/test/org/apache/zookeeper/server/quorum/Zab1_0Test.java,1
634143f95a9302d6a351c9edac40c555caf30fc7,src/java/main/org/apache/zookeeper/ClientCnxnSocketNIO.java,1
76eda1b20c6c468995afc753bbbc25551154e47b,src/java/test/org/apache/zookeeper/server/quorum/Zab1_0Test.java,1
51a1bf6b5e7de0d0d92ddb4b8f3a7114ba9ed50b,src/java/test/org/apache/zookeeper/test/SaslAuthMissingClientConfigTest.java,1
51a1bf6b5e7de0d0d92ddb4b8f3a7114ba9ed50b,src/java/test/org/apache/zookeeper/test/SaslAuthFailDesignatedClientTest.java,1
51a1bf6b5e7de0d0d92ddb4b8f3a7114ba9ed50b,src/java/main/org/apache/zookeeper/client/ZooKeeperSaslClient.java,1
51a1bf6b5e7de0d0d92ddb4b8f3a7114ba9ed50b,src/java/main/org/apache/zookeeper/ClientCnxn.java,1
51a1bf6b5e7de0d0d92ddb4b8f3a7114ba9ed50b,src/java/test/org/apache/zookeeper/test/SaslAuthDesignatedClientTest.java,1
a7d921c603c8c5b4c1c0ff2bca39bd78cb37dab4,src/java/main/org/apache/zookeeper/server/quorum/QuorumPeer.java,1
f494a56589b678943a0de76cd415261ab3d5250d,src/java/main/org/apache/zookeeper/server/quorum/FastLeaderElection.java,1
8e44df0be643248646696f544a215b5f959e0db4,src/java/test/org/apache/zookeeper/test/HierarchicalQuorumTest.java,1
f46e9187073e9129b90dbc7ba9117a1283029b26,src/java/main/org/apache/zookeeper/server/persistence/FileTxnSnapLog.java,1
f46e9187073e9129b90dbc7ba9117a1283029b26,src/java/test/org/apache/zookeeper/server/DeserializationPerfTest.java,1
f46e9187073e9129b90dbc7ba9117a1283029b26,src/java/test/org/apache/zookeeper/test/ReadOnlyModeTest.java,1
f46e9187073e9129b90dbc7ba9117a1283029b26,src/java/test/org/apache/zookeeper/test/DataTreeTest.java,1
f46e9187073e9129b90dbc7ba9117a1283029b26,src/java/test/org/apache/zookeeper/test/LoadFromLogTest.java,1
b97594bb510016f23a5c74da6c40f71eafd6b5cd,src/java/test/org/apache/zookeeper/test/WatchEventWhenAutoReset.java,1
66672e326e5610387e0162016b8c15b16141ec93,src/java/main/org/apache/zookeeper/ZooKeeper.java,1
66672e326e5610387e0162016b8c15b16141ec93,src/java/main/org/apache/zookeeper/ClientCnxn.java,1
2617e9ef394e6d7dcad759854e3121bef24b96a5,src/java/main/org/apache/zookeeper/server/quorum/FollowerZooKeeperServer.java,1
2617e9ef394e6d7dcad759854e3121bef24b96a5,src/java/main/org/apache/zookeeper/server/quorum/ProposalRequestProcessor.java,1
2617e9ef394e6d7dcad759854e3121bef24b96a5,src/java/main/org/apache/zookeeper/server/quorum/CommitProcessor.java,1
2617e9ef394e6d7dcad759854e3121bef24b96a5,src/java/main/org/apache/zookeeper/server/FinalRequestProcessor.java,1
2617e9ef394e6d7dcad759854e3121bef24b96a5,src/java/main/org/apache/zookeeper/server/quorum/Leader.java,1
8e7d518e0b2b8f5ee4529eddd61a16e8a2d7dad3,src/java/main/org/apache/zookeeper/ZooKeeper.java,1
8e7d518e0b2b8f5ee4529eddd61a16e8a2d7dad3,src/java/main/org/apache/zookeeper/ZKUtil.java,1
35c6b54aed315812fabf00a4b9fae3b280c89238,src/java/main/org/apache/zookeeper/ClientCnxn.java,1
2aaae4a6cc4a9e3366e1ebbce2fec9a6065732ee,src/contrib/bookkeeper/test/org/apache/bookkeeper/test/BookieReadWriteTest.java,1
4b271c2086ccdee15b7e3c91ff33be264adff086,src/java/main/org/apache/zookeeper/server/quorum/flexible/QuorumHierarchical.java,1
4b271c2086ccdee15b7e3c91ff33be264adff086,src/java/main/org/apache/zookeeper/server/quorum/Leader.java,1
4b271c2086ccdee15b7e3c91ff33be264adff086,src/java/main/org/apache/zookeeper/server/quorum/FollowerHandler.java,1
4b271c2086ccdee15b7e3c91ff33be264adff086,src/java/main/org/apache/zookeeper/server/quorum/LearnerHandler.java,1
4b271c2086ccdee15b7e3c91ff33be264adff086,src/java/test/org/apache/zookeeper/test/HierarchicalQuorumTest.java,1
c6a5a0157528dc3a35c4bc2097b28a4b78a02ed3,src/java/test/org/apache/zookeeper/test/CnxManagerTest.java,1
9262bdfd1be42ef715218c3eadaaa8c08e2601c8,src/java/main/org/apache/zookeeper/KeeperException.java,1
26f5b73fd9317714f30d71a364949c501460d0ce,src/java/test/org/apache/zookeeper/test/ClientBase.java,1
26f5b73fd9317714f30d71a364949c501460d0ce,src/java/main/org/apache/zookeeper/server/quorum/Leader.java,1
4a698763e3f8108d99b45be02340e9caa03e8909,src/java/main/org/apache/zookeeper/client/StaticHostProvider.java,1
3e16699d54ae2a99adf1faaefde49cc09e96da93,src/contrib/rest/src/java/org/apache/zookeeper/server/jersey/resources/RuntimeExceptionMapper.java,1
3e16699d54ae2a99adf1faaefde49cc09e96da93,src/contrib/rest/src/test/org/apache/zookeeper/server/jersey/GetTest.java,1
3e16699d54ae2a99adf1faaefde49cc09e96da93,src/contrib/rest/src/test/org/apache/zookeeper/server/jersey/DeleteTest.java,1
3e16699d54ae2a99adf1faaefde49cc09e96da93,src/contrib/rest/src/test/org/apache/zookeeper/server/jersey/CreateTest.java,1
3e16699d54ae2a99adf1faaefde49cc09e96da93,src/contrib/rest/src/java/org/apache/zookeeper/server/jersey/resources/ZNodeResource.java,1
3e16699d54ae2a99adf1faaefde49cc09e96da93,src/contrib/rest/src/test/org/apache/zookeeper/server/jersey/SetTest.java,1
3e16699d54ae2a99adf1faaefde49cc09e96da93,src/contrib/rest/src/test/org/apache/zookeeper/server/jersey/ExistsTest.java,1
3e16699d54ae2a99adf1faaefde49cc09e96da93,src/contrib/rest/src/test/org/apache/zookeeper/server/jersey/GetChildrenTest.java,1
2dc7de3406db89fada3124df141d67148c398a9c,src/java/main/org/apache/zookeeper/server/persistence/FileTxnSnapLog.java,1
da66dcc2ac74d52e08555472c05ddf6901d8f4cb,src/java/main/org/apache/zookeeper/server/quorum/QuorumCnxManager.java,1
b66c5c37baafbf7d13bc27c4b00cec41f0c1ce47,src/contrib/bookkeeper/src/java/org/apache/bookkeeper/client/LedgerRecoveryOp.java,1
b66c5c37baafbf7d13bc27c4b00cec41f0c1ce47,src/contrib/bookkeeper/src/java/org/apache/bookkeeper/proto/BookieServer.java,1
b66c5c37baafbf7d13bc27c4b00cec41f0c1ce47,src/contrib/bookkeeper/test/org/apache/bookkeeper/test/BaseTestCase.java,1
b66c5c37baafbf7d13bc27c4b00cec41f0c1ce47,src/contrib/bookkeeper/src/java/org/apache/bookkeeper/client/LedgerHandle.java,1
b66c5c37baafbf7d13bc27c4b00cec41f0c1ce47,src/contrib/bookkeeper/src/java/org/apache/bookkeeper/client/PendingReadOp.java,1
7bbb2e4e77cbb6643bdbf334e098fa21024622d9,src/java/main/org/apache/zookeeper/server/NIOServerCnxn.java,1
b0f10bd9e76937c81dfc02e1282e2b19e429e13d,src/java/main/org/apache/zookeeper/server/FinalRequestProcessor.java,1
d6b1fe212379060af14140da3d569773aab8f993,src/java/main/org/apache/zookeeper/server/quorum/Leader.java,1
